ConsCode,Ticker,Price,IndexShares,Weight%
C00570,2727,2.03,2778257900,0.01158
C01109,RHBBANK,5.67,1617038906,0.033592
C01139,ROTH,10.74,140709184,0.005537
C01329,GFI,265.98,877429848,0.206177
C01342,IMP,159.96,812256122,0.114784
C01353,NED,221.35,418992101,0.081934
C01356,PIK,42.81,346148771,0.013091
C01362,AMS,945.36,56109302,0.046861
C01364,SOL,246.13,557201631,0.121159
C01371,TBS,201,157250181,0.027923
C01375,ANG,486.2,418041650,0.179561
C02826,ALFAA,11.39,3626503191,0.036497
C02828,WALMEX*,70.33,5149367636,0.319991
C02829,KIMBERA,37.47,831300410,0.027522
C02839,BIMBOA,90.4,2212127797,0.176694
C02841,GCARSOA1,88.31,450459754,0.035149
C02846,TLEVICPO,18.84,2399664954,0.039946
C02862,PETR4,24,5601613337,0.428363
C02863,VALE3,76.75,3882787393,0.949532
C02866,BBDC4,13.03,5200319179,0.215905
C02868,ELET6,35.96,276976321,0.031736
C02871,ITUB4,24.41,4821430320,0.375
C02873,ITSA4,8.12,5214577213,0.134916
C02875,CMIG4,11.69,1264188523,0.047088
C03463,RENT3,52.24,785804232,0.130799
C03519,1088,24.4,3377482000,0.169206
C03631,HUMANSFT,3970,90486507,0.018869
C03646,3328,4.96,7276214686,0.0741
C03728,1919,8.61,3249104430,0.057438
C03823,3311,9.01,1768470417,0.032716
C03870,YES,15.4,19955835896,0.06048
C03906,ENBR3,22.26,259399677,0.018398
C04155,BIMAS,154.7,440141526,0.056988
C04441,EXCL,1960,4380294327,0.009279
C04574,939,5.15,93350242249,0.987089
C04760,CSAN3,14.72,1195239755,0.05606
C04897,2313,78.9,755550977,0.122398
C04992,425,21.95,702637763,0.031666
C05040,489,3.6,2855382168,0.021106
C05335,3383,1.66,1677446953,0.005717
C05541,3406,381.5,83999567,0.016918
C06251,GAPB,350.09,343064816,0.10612
C06269,2689,6.01,1572363194,0.019403
C06283,VAKBN,8.9,1037268032,0.007727
C06293,IQCD,13.19,1575420000,0.092009
C06294,QGTS,3.652,2714729164,0.043898
C06295,QIBK,18.5,1797954959,0.147279
C06296,DHBK,1.624,2361005621,0.016977
C06297,CBQK,5.798,3367719845,0.086458
C06298,SABIC,92.6,900000000,0.358052
C06299,STC,41.15,1797434100,0.317772
C06300,RJHI,75.9,1960000000,0.639132
C06302,SECO,23.32,781653000,0.078313
C06303,RIBL,31.55,1470000000,0.199255
C06304,BSFR,38.75,587804000,0.097858
C06305,EEC,42,377300000,0.068081
C06306,ALBI,41,490000000,0.086312
C06307,SAFCO,127.6,233257150,0.127873
C06308,SAVOLA,29.05,261650690,0.032656
C06309,SIBC,16.86,490000000,0.035493
C06310,SIIG,24.96,369852000,0.039661
C06311,NIC,13,327767860,0.018306
C06313,BJAZ,18.86,401800000,0.032557
C06316,YACCO,32.8,99225000,0.013983
C06317,ALMARAI,56.8,252054000,0.061508
C06319,DIB,5.27,2890857751,0.066859
C06320,DIC,2.38,2083488820,0.021762
C06373,TOTS3,27.24,446003772,0.038711
C06458,MMFS,252.15,591818763,0.029368
C06509,3323,6.34,4556612900,0.059315
C06601,8046,274,209939167,0.030368
C06603,SOIL,3765,21717613,0.016092
C06621,EQTL3,27.68,933719479,0.082351
C06637,ARNB,27.05,665700000,0.077364
C06643,BRES,2.615,2140185300,0.024781
C06645,YANSAB,43.1,275625000,0.051037
C06647,SOCCO,51.1,68600000,0.01506
C06649,QACCO,68.7,44100000,0.013016
C06651,YNCCO,34.9,77175000,0.011572
C06652,SACCO,56.7,74970000,0.018263
C06653,EAND,22.98,3478720000,0.350828
C06654,FAB,13.02,4416442800,0.252353
C06656,ADCB,8.3,2913332665,0.106119
C06659,DANA,0.827,3427732953,0.01244
C06660,ALDAR,4.82,3544473425,0.074976
C06661,ADIB,10.42,1452800000,0.066435
C06666,QNBK,16.2,4439951214,0.318481
C06667,QIIK,9.907,1170685526,0.051354
C06669,QNNS,8.698,556720728,0.021441
C06671,QEWS,16.69,455290000,0.033646
C06676,ARMX,3.2,727328278,0.010214
C06689,QFLS,17.4,585616643,0.045118
C06870,SUNTV,422.6,98521155,0.008194
C06911,SELEC,31.96,109171800,0.00292
C07183,3988,3.03,76104633747,0.473464
C07446,ETEL,24,341414320,0.004274
C07529,CCOLA,225.8,65195231,0.012321
C07540,272,0.93,3453853473,0.006595
C07741,YLLG,0.895,658091535,0.007136
C100470,ADSEZ,641.6,809171111,0.102171
C100476,MEGACPO,45.26,299002145,0.011957
C100605,JSMR,3380,2177361360,0.007954
C100618,3800,1.95,20690343961,0.082839
C100697,TENERGY,19.5,51924761,0.017826
C101104,3808,12.08,662638401,0.016435
C101186,TKFEN,35.8,178694241,0.005354
C101556,B3SA3,10.7,6067576838,0.206865
C101706,390,5.19,4042996000,0.043083
C101916,2049,251,285519291,0.037833
C101932,220,7.98,1145228217,0.018764
C102056,285,24.5,771947862,0.038832
C102313,ENEV3,10.69,1209731630,0.041205
C102970,ALARKAN,15.8,529200000,0.035923
C103438,MRFG3,6.3,307977704,0.006182
C103908,PETROR,11.1,417749999,0.019922
C104285,ERES,0.926,1554363061,0.006373
C104547,RECL,118.75,1247230337,0.029148
C104749,ZAINKSA,14.24,440377296,0.026942
C105320,AXIATA,3.02,4496634049,0.049755
C105344,HART,2.05,1686910243,0.01267
C105503,HYPE3,37.84,400807357,0.048325
C106390,TTKOM,18.11,525000000,0.007958
C106753,BUPA,176.2,71625000,0.05422
C106965,BJFIN,1303.95,381862644,0.097992
C106969,BJAUT,4033.6,67909766,0.053907
C107087,BSDE,990,8936194071,0.009562
C107088,1368,9.33,1131041341,0.021667
C107131,ALINMA,31.55,980000000,0.132837
C107505,1812,2.43,480282303,0.002396
C108465,AOTHAIM,130.2,44100000,0.024668
C108467,ADRO,3020,12282835337,0.040091
C109348,MAADEN,65.8,807760028,0.22835
C110129,1766,4.65,4025533270,0.038433
C111279,RNI,375,135441728,0.044871
C113531,PI,3028.1,80779059,0.048138
C113642,3529,1845,69274835,0.067474
C115776,VOD,126.13,595362669,0.06634
C115993,AMRT,2700,19062569690,0.055627
C116560,4743,272.5,302399227,0.043502
C116717,CIEL3,4.68,1148263670,0.017123
C117021,2009,1.01,2338764870,0.00485
C117051,VFQS,1.683,1648530000,0.012285
C117150,ADANI,192.2,965326374,0.036513
C117353,NHPC,40.25,2282541198,0.01808
C117492,BLA,27.5,516197202,0.006754
C117599,MOUWASAT,234.2,47500000,0.047794
C117755,1099,25,1252293192,0.064281
C117780,1618,2.07,2868129000,0.01219
C117977,1313,3.77,2189068047,0.016945
C118579,OINL,254.7,331429027,0.016613
C118813,SANB11,25.95,368587947,0.030477
C119446,MAXIS,4.09,1995779640,0.029907
C119490,ENGI11,41.75,295869865,0.039359
C119526,960,21.4,1905221408,0.083713
C119654,1988,2.68,6373091367,0.035069
C119916,916,8.56,3340029000,0.058703
C120043,JSW,252,381715388,0.01893
C120133,2601,21.45,2580751470,0.11366
C120531,IVL,34,1781497320,0.028821
C120546,GPL,1125.35,88151881,0.019523
C120665,EMTK,820,28069488843,0.024877
C120771,DQ,44.47,55886885,0.040056
C121182,JUBI,433,361963570,0.030844
C121286,KOZAL,21.6,960750000,0.017369
C121738,TOWR,920,18717230317,0.018611
C122008,881,37.3,656891115,0.050308
C122039,HTHT,50.12,211461651,0.170818
C122430,PSYS,4547.3,48431923,0.043342
C123294,CHDRAUIB,102.91,460900615,0.041909
C123967,LHC,19.43,1382683115,0.023734
C124063,2208,6.47,655138465,0.008703
C124158,2128,6.8,928243585,0.01296
C124245,4938,70.4,2044641768,0.07599
C124610,1288,2.97,30738823096,0.187446
C125755,853,18.94,922188814,0.035862
C125772,867,12.6,1224233592,0.031671
C125981,ICBP,10075,2264742534,0.024661
C126100,956,3.37,1748025396,0.012095
C126159,TAL,6.3,441527661,0.044832
C126350,COAL,221.7,2081343086,0.090809
C126351,OBER,896.75,117427291,0.020723
C126373,TBIG,2090,4687212247,0.010588
C126382,TRGYO,14.03,150000000,0.001761
C126488,PRIO3,34.86,670704786,0.074498
C126654,PCHEM,7.5,2824000000,0.0776
C126677,RBP,138.03,74723996,0.009112
C127146,EKGYO,6.69,1856279100,0.010394
C127340,3618,2.83,2337288041,0.013581
C127452,1590,1145,155999998,0.094296
C127566,1157,4.13,1497171248,0.012696
C128044,3105,182,402777565,0.038699
C129170,1378,7.28,2242610469,0.033521
C129513,FUNO11,25.22,2872113137,0.064001
C129924,OUT,35,839430658,0.025956
C130494,3360,6.83,1363677969,0.019123
C131568,MGLU3,3.37,3043623610,0.032682
C131654,MUTH,1020.15,106880494,0.021458
C131811,2607,15.04,839113379,0.025912
C131851,PFAVAL,567,4315962608,0.008632
C133127,579,1.83,1618272000,0.00608
C133430,5871,223.5,1378937953,0.1627
C133463,6808,3,1963703917,0.012096
C133597,RA,132.52,236438491,0.027685
C134175,LTFH,86.45,894110215,0.015212
C134634,PGOLD,32.9,976883508,0.009519
C134676,4966,1055,69828227,0.038891
C135013,6030,16.94,2244076855,0.078052
C136392,1336,19,950334432,0.037073
C136446,6837,4.98,3409568820,0.034863
C136504,NRP,105.84,463506023,0.043339
C136649,EMI,20.95,3163030738,0.019627
C136762,4958,114,630562935,0.037949
C136770,HAGA,65.5,1081479123,0.008331
C136860,EXTRA,80.6,39200000,0.013574
C136987,5269,1175,38722217,0.024019
C137883,OZKGY,12.15,189241730,0.001924
C138497,VIPS,15.14,381684825,0.093137
C138857,GTCAP,501,99030912,0.014695
C139130,ALPEKA,19.82,373362026,0.006538
C139291,PFGRUPSU,11400,78131556,0.003142
C139391,5274,2750,30379838,0.044105
C139784,POLHO,11.86,186363450,0.00185
C140065,SEERA,23.46,147000000,0.014816
C140122,TCP,13.2,586529244,0.00684
C140246,FGV,1.51,691022393,0.003823
C140659,CATERING,87.2,40180000,0.015053
C140709,IHH,5.88,2937270034,0.063279
C140910,Q*,112.12,168408800,0.016684
C142409,ASTRO,0.7,1541067748,0.003952
C142784,APAT,1198.1,170713140,0.040251
C142905,TTMT/A,217.2,381377172,0.016302
C142959,2196,23.4,543493860,0.026112
C143276,EIM,562,114247776,0.007551
C143321,884,0.76,5536151879,0.008639
C143376,YY,30.23,45400851,0.02212
C143423,BERA,12.36,619242710,0.006406
C143453,1030,1.88,2639480134,0.010188
C143686,1339,2.61,8201793000,0.043952
C143919,DALLAH,154,40987017,0.027118
C144094,1908,24.55,723920296,0.03649
C144186,INDUSTOW,141.65,875413172,0.024403
C144319,6409,1715,64945483,0.0588
C144445,SSW,37.12,2798544995,0.091774
C144867,EA,75.5,1658358000,0.059576
C146166,BBSE3,34.05,673864205,0.07311
C146250,PGSUS,488.1,40306085,0.016466
C146931,6881,4.02,3690984633,0.030465
C147101,2386,3.88,1460801628,0.011637
C147166,ODAS,6.65,1098839767,0.006116
C150591,SNN,46.35,52799995,0.008726
C151519,WPRTS,3.63,733265100,0.009752
C151990,ABEV3,14.43,4359044747,0.200422
C152541,968,9.05,4248833717,0.07895
C152686,KLBN11,17.89,758719280,0.043249
C152729,ATHM,31.08,60016786,0.030064
C152746,1268,13.24,470585555,0.012793
C152803,DANHOS13,23.78,238915390,0.00502
C152806,1359,0.96,8758751626,0.017264
C152830,6415,479,323491992,0.081802
C153146,586,13.06,1492268028,0.040015
C153148,6818,2.38,3100064500,0.015149
C153170,FESTI,181,303000000,0.00645
C153351,DIF,12.8,5209510335,0.031729
C153562,1513,28.7,151590712,0.008933
C154100,VIO,4.18,64590088,0.004753
C154233,8454,880,55199090,0.025644
C154299,MPHC,1.966,4334295375,0.037731
C155007,WB,18.17,71096183,0.020821
C155400,SAWAD,53.25,628354535,0.015921
C155670,2202,12,2201186842,0.054234
C155757,FIBRAPL,61.76,538013041,0.029359
C156225,1375,1.16,1002747000,0.002388
C156604,2186,3.72,1764311642,0.013476
C157651,5876,46.4,3736372493,0.091524
C158048,1347,37.6,411312890,0.031754
C158280,6488,513,212060784,0.057431
C158786,SNB,49.65,2173546673,0.46364
C158984,CBG,88,338510000,0.014174
C159107,MTC,34,672040000,0.010872
C159412,1816,1.9,11163625000,0.04355
C159413,6869,17.16,171693175,0.006049
C159742,1958,2.15,2247175876,0.00992
C160014,8464,324,137719494,0.023556
C160638,AKSEN,30.52,252436576,0.006448
C162308,RAIL3,18.66,1251955237,0.074437
C162320,3606,33.4,606757200,0.04161
C162436,REITIR,86,737761896,0.007462
C162455,1776,11.24,1087624600,0.0251
C16321,JARIR,163.4,58800000,0.041278
C163343,GPSC,66.75,687450020,0.021834
C163711,ADANIT,953.2,252834030,0.047429
C163712,6886,9.29,1592439280,0.030375
C164297,1530,7.96,1515602817,0.02477
C164625,MDKA,4160,18550894859,0.083406
C164683,1528,3.47,596662671,0.004251
C164684,3396,8.68,515943990,0.009195
C165324,3969,2.98,1567224728,0.009589
C165689,IDFCFB,55.05,3241894991,0.035122
C16628,3900,9.91,862875180,0.017557
C166690,1508,0.53,6677825831,0.007267
C166788,2799,0.445,15446909796,0.014114
C166952,3908,15.18,1477518935,0.046051
C166998,INDIGO,1911.95,122713683,0.046173
C167117,3799,3.21,2054117625,0.013538
C167176,6865,22.15,449476000,0.020442
C167746,3996,1.03,4651318000,0.009837
C167792,SITES1A1,17.79,1252350000,0.019685
C16807,AURE3,14.73,358802186,0.01684
C168193,DLPL,1836.1,34846070,0.012591
C168216,ALKEM,3405.65,24590538,0.016481
C168267,1548,17.06,961308324,0.033672
C168775,ENELCHIL,41.9,24832392069,0.02071
C169963,ISDMR,31.6,148683000,0.003932
C17009,GMRI,43.95,2424776099,0.020973
C170309,MONET,85.8,336774661,0.021757
C170400,BID,404.77,332385574,0.118858
C170490,1585,19.4,993325035,0.039566
C171138,3958,4.4,818401994,0.007394
C171164,1579,24.25,471105000,0.023456
C171255,MAXHEALT,430.35,738826693,0.062573
C17136,TECHM,1092.75,605092015,0.130126
C171521,6178,5.46,260866000,0.002924
C171560,LTIM,4773.25,91648247,0.086091
C171702,RBK,143.65,443640185,0.012542
C172004,1658,4.74,9368798000,0.091179
C172009,IPRU,440.95,382203628,0.033167
C172094,6099,7.69,455052747,0.007185
C172095,LTTS,3597.3,26367883,0.018667
C172427,3320,6.32,1654556335,0.02147
C172536,DCP,26.19,371251049,0.00859
C172557,VBL,1393.5,202499388,0.055533
C172668,6066,7.85,902385238,0.014544
C172705,LAURUS,304.55,386940739,0.023191
C172983,CUERVO*,47.16,538676445,0.022446
C173214,DMART,3496.1,148828598,0.102398
C173277,2611,9.67,755026400,0.014991
C173885,BBAJIOO,63.93,708235441,0.040006
C173887,ADMIE,1.814,113345221,0.00362
C173893,2269,47.35,3546074932,0.344748
C173902,MAVI,109,72320455,0.006598
C174101,CRFB3,11.37,528895758,0.019161
C174105,ABCAP,157.9,460549065,0.014311
C174158,BGRIM,39.25,714322800,0.013341
C17458,3968,39.15,3784279836,0.304192
C174798,AUBANK,569.45,325687920,0.036499
C174986,TIINDIA,2597.9,97712593,0.049957
C174989,BPAC11,20.45,1156751256,0.075374
C175083,M,18.26,75935001,0.004944
C17539,BEM,8.95,7948200000,0.033848
C175444,PPH,17.2,2061920717,0.031331
C175454,DIXON,2887.45,35484357,0.020164
C175511,6060,25.2,746349963,0.038617
C175537,ICICIGI,1088.65,240568214,0.05154
C175562,SBILIFE,1116.25,419945826,0.092252
C175692,GICRE,140.45,97547482,0.002696
C175732,SDPL,4.24,3580265449,0.055618
C175855,NAM,219.3,163033537,0.007036
C175862,772,39.05,400462379,0.032108
C175888,6669,1130,86685725,0.051712
C175930,601668,6.12,2936371749,0.042098
C175933,EMAARDEV,5.57,840000000,0.020533
C175968,HDFCLIFE,514.65,985762546,0.09984
C175969,600519,1790.99,87933846,0.368938
C175970,601318,45.63,758286515,0.081056
C175971,600036,34.14,1444026110,0.115489
C175972,601288,3.17,6624880545,0.049197
C175973,601398,4.53,5392244251,0.057223
C175974,600000,7.23,2054652030,0.0348
C175975,601166,16.97,1454193353,0.057811
C175976,601988,3.43,3138197963,0.025216
C175977,601328,5.18,2747560481,0.033341
C175978,600016,3.46,2482348625,0.020121
C175979,601766,6.6,1702945863,0.02633
C175980,600104,14.32,677397622,0.022724
C175981,601601,26.72,479152902,0.029993
C175982,600028,5.71,2388944276,0.031956
C175983,600030,21.17,854032898,0.042354
C175984,600276,45.15,446530159,0.047229
C175985,601818,3.04,3301423632,0.023511
C175986,601211,14.98,526039112,0.01846
C175987,600050,5.56,1949765759,0.025396
C175988,601390,7.7,1437398458,0.025928
C175989,600887,29.14,448009164,0.030583
C175991,601169,4.44,1480008899,0.015394
C175993,601088,27.74,494731139,0.03215
C175994,601006,7.17,1040684302,0.01748
C175995,600019,6.53,1313063845,0.020086
C175996,601688,13.87,515032302,0.016735
C175997,600837,9.07,675824183,0.01436
C175998,600015,5.38,1114044993,0.014041
C175999,600999,14.2,519540369,0.017283
C176001,600309,94.96,219782264,0.048892
C176002,601857,6.15,1743205891,0.025115
C176003,601336,31.47,145980754,0.010762
C176004,600010,1.89,2758008438,0.012211
C176006,601985,6.56,1178058139,0.018104
C176007,600585,28.59,279979181,0.018752
C176008,601600,5.72,925233791,0.012398
C176010,600958,10.81,522863800,0.013241
C176011,600690,22.49,441598686,0.023266
C176013,601669,7.28,1205831153,0.020565
C176014,600009,57.06,174193694,0.023285
C176017,601618,4.03,1058660317,0.009995
C176019,601009,9.06,721401234,0.015311
C176020,601899,12.89,1441466057,0.043527
C176021,600795,3.75,1248493336,0.010968
C176022,603993,5.89,630524846,0.0087
C176023,601888,181.82,136673288,0.058214
C176024,600018,5.49,757139059,0.009738
C176025,600741,16.82,220690679,0.008696
C176026,601939,6.06,671556032,0.009534
C176027,600111,26.79,254314620,0.015961
C176028,600196,34.04,148240030,0.011821
C176029,600893,43.69,186591597,0.019098
C176030,601788,15.68,273468919,0.010045
C176031,600029,8.21,872175061,0.016775
C176032,600547,24.97,253011034,0.0148
C176033,600031,17.4,594530021,0.024234
C176034,600516,6.43,266417926,0.004013
C176035,600115,5.47,972347147,0.01246
C176036,601377,6.51,609397122,0.009294
C176037,601998,5.44,681053546,0.008679
C176039,601992,2.46,583730438,0.003364
C176040,601012,40.47,530469366,0.050292
C176042,600705,4.1,618148441,0.005937
C176043,601198,8.37,226271186,0.004437
C176046,601919,10.82,886158335,0.022462
C176048,600660,34.28,140209043,0.01126
C176049,601229,6.03,994465419,0.014048
C176050,601111,11.25,635569310,0.01675
C176051,600809,252.39,85408006,0.050498
C176055,601238,11.06,226586056,0.005871
C176056,601607,21.26,194413913,0.009683
C176057,600011,8.52,494896946,0.009878
C176058,600085,54.96,96002918,0.01236
C176060,600674,13.36,312240685,0.009772
C176061,600487,17.3,172671426,0.006998
C176062,601018,3.69,440734740,0.00381
C176063,603288,76.65,285916165,0.05134
C176064,600406,27.17,468624159,0.029828
C176065,600415,5.92,384389192,0.005331
C176066,600332,33.56,98412366,0.007737
C176068,601633,27.27,192018663,0.012267
C176070,600089,21.39,271037704,0.013581
C176071,600219,3.4,819598699,0.006528
C176072,600522,17.85,238906476,0.00999
C176073,601555,7.03,350525186,0.005773
C176074,600549,20.13,99292144,0.004682
C176077,600177,6.52,324030208,0.004949
C176078,601881,10.39,164682965,0.004008
C176080,601216,4.39,506281043,0.005207
C176081,600688,3.44,406320256,0.003274
C176083,600150,23.41,313070013,0.017169
C176084,600369,3.97,465157639,0.004326
C176085,600436,291.49,42232205,0.028838
C176086,600704,4.86,363722243,0.004141
C176087,600699,15.01,95765924,0.003367
C176089,600919,7.04,369240841,0.00609
C176090,600570,53.2,133002004,0.016576
C176094,600008,3,513841347,0.003611
C176095,600373,12.72,94854460,0.002826
C176096,600820,5.77,220086727,0.002975
C176097,601699,20.46,209398644,0.010037
C176098,601866,2.49,693733411,0.004047
C176099,601991,2.92,471172206,0.003223
C176100,600498,20.53,83147939,0.003999
C176103,601898,7.93,349835215,0.006499
C176104,601333,2.44,395656590,0.002262
C176106,601098,11.3,125720000,0.003328
C176108,600884,17.04,158478135,0.006326
C176111,600808,2.81,422996083,0.002784
C176114,600027,5.59,453693560,0.005941
C176116,600038,42.89,41263370,0.004146
C176119,601997,5.49,255933865,0.003292
C176120,600056,14.08,104711582,0.003454
C176121,600567,2.46,323132306,0.001862
C176122,600409,6.5,144504461,0.0022
C176123,600170,2.77,476367470,0.003091
C176125,600021,9.89,197172055,0.004568
C176127,601877,27.5,90043934,0.005801
C176128,600584,37.67,124568710,0.010993
C176129,600998,14.57,131170861,0.004477
C176130,601000,3.17,414815003,0.00308
C176132,600079,27.61,114315034,0.007394
C176134,600521,20.79,104422926,0.005086
C176136,601375,3.83,241326379,0.002165
C176138,601168,12.79,166810000,0.004998
C176140,600183,19.63,162031394,0.007451
C176142,600438,38.91,315108373,0.028723
C176144,600885,32.23,33886651,0.002559
C176145,600600,122.1,49649993,0.014202
C176148,600875,18.16,194530079,0.008276
C176149,601880,1.61,1121990744,0.004232
C176151,600233,18.95,200492695,0.0089
C176152,603077,2.95,618187516,0.004272
C176153,601233,14.31,168778365,0.005658
C176156,600643,5.4,113534572,0.001436
C176157,600787,5.97,153322144,0.002144
C176158,600298,40.89,60854142,0.005829
C176160,600348,13.53,168350000,0.005336
C176164,601808,14.91,125079773,0.004369
C176168,600062,17.83,73026640,0.00305
C176172,603369,65.15,84678750,0.012924
C176175,600026,12.74,242668432,0.007242
C176176,600755,8.43,154068793,0.003043
C176177,600926,11.71,415118554,0.011388
C176179,601326,2.85,139500000,0.000931
C176180,600499,13.85,136389395,0.004425
C176181,601689,59.01,64468136,0.008912
C176186,600446,16.08,65875726,0.002482
C176187,600597,10.54,96504860,0.002383
C176188,601666,10.06,162065117,0.003819
C176189,600377,8.41,124011794,0.002443
C176191,603858,20.35,28308332,0.00135
C176193,601016,3.8,456163287,0.004061
C176195,603000,22.56,77398374,0.00409
C176196,600380,13.85,134935869,0.004378
C176198,600582,4.86,234010301,0.002664
C176200,600970,12.2,158594244,0.004533
C176204,600188,34.09,91461109,0.007304
C176207,600754,65.31,63983084,0.009789
C176208,601222,7.71,144211841,0.002605
C176210,603816,43.56,57532406,0.005871
C176212,601139,6.83,159444841,0.002551
C176216,601311,9.4,82120228,0.001808
C176217,601966,21.11,63080494,0.00312
C176219,600395,7.22,134127640,0.002269
C176220,600350,6.32,166586618,0.002466
C176221,600612,61.53,22197674,0.0032
C176222,603444,582.69,4457823,0.006085
C176225,601567,12.9,84519273,0.002554
C176226,600635,3.03,169315417,0.001202
C176228,600566,30.67,29959220,0.002153
C176233,601158,5.4,132000000,0.00167
C176234,600282,3.88,431360581,0.003921
C176237,600299,9.24,73752285,0.001596
C176238,600648,12.65,49076560,0.001454
C176239,601717,14.62,107538163,0.003683
C176241,600012,8.93,62505300,0.001308
C176242,600039,14.17,358511531,0.011901
C176243,600729,26.88,28456993,0.001792
C176244,603883,35.72,36448870,0.00305
C176245,601231,18.41,58354367,0.002517
C176250,603885,19.5,151931243,0.00694
C176255,600580,12.25,92068381,0.002642
C176256,603589,67.1,16500000,0.002594
C176259,600216,12.7,67558960,0.00201
C176261,603868,84.8,11979000,0.00238
C176262,600536,68.13,46199588,0.007374
C176280,603899,48.65,32471096,0.003701
C176282,603355,28.76,18677454,0.001258
C176283,600803,20.13,202529018,0.009551
C176288,603806,56.26,49932947,0.006581
C176289,600548,8.81,54464272,0.001124
C176292,600483,12.25,86631005,0.002486
C176296,603568,18.33,46590869,0.002001
C176298,600845,60.57,63287104,0.00898
C176299,601811,12.19,25736877,0.000735
C176361,2,15.82,680693757,0.025227
C176363,858,189.06,271712560,0.120341
C176364,1,12.62,1358414274,0.04016
C176365,725,4.47,2625674310,0.027495
C176366,2304,158.66,105489160,0.039208
C176367,2027,6.44,1010953981,0.015252
C176368,776,16.45,414350402,0.015968
C176369,166,4.24,1577516119,0.015669
C176371,2594,249.28,126920000,0.074118
C176372,538,55.91,113876487,0.014915
C176373,63,37,278486210,0.024138
C176374,2142,27.44,462251355,0.029714
C176375,568,249,103013055,0.060089
C176377,69,5.12,574125574,0.006886
C176378,2230,65.5,162702767,0.024965
C176379,2466,75.92,103396957,0.018389
C176380,2236,27,212321282,0.01343
C176381,2460,64.19,112622745,0.016935
C176382,2241,23.02,239142473,0.012896
C176383,895,26.08,223210799,0.013637
C176384,2475,31.1,495901102,0.036129
C176385,300059,22.45,924991378,0.048647
C176387,2739,14.46,152555817,0.005168
C176388,300070,5.4,253694655,0.003209
C176389,2736,9.59,360466102,0.008098
C176390,2456,5.37,228047224,0.002869
C176391,300072,4.01,164480421,0.001545
C176392,2673,6.51,312870719,0.004771
C176394,783,5.64,387097014,0.005114
C176395,625,11.84,579612925,0.016077
C176396,2252,6.49,471855153,0.007174
C176399,709,2.32,723598476,0.003933
C176400,300124,68.52,184540088,0.029622
C176401,963,47.21,122486668,0.013546
C176402,338,12.41,474846177,0.013805
C176403,792,22.3,380301367,0.019867
C176404,100,4.63,1195032412,0.012962
C176405,2008,31.88,52586889,0.003927
C176406,728,6.97,305464452,0.004988
C176407,423,52.35,45781508,0.005614
C176408,2085,6.15,149909720,0.00216
C176409,2714,49.43,383059887,0.044357
C176410,2508,29.4,66431684,0.004575
C176411,2468,11.27,107156152,0.002829
C176412,300136,22.07,67729805,0.003502
C176413,300408,33.09,134154816,0.010399
C176414,300003,24.1,132510860,0.007481
C176415,2601,19.85,166684718,0.007751
C176416,807,13.1,242757018,0.00745
C176418,300015,30.44,502356773,0.035823
C176419,2065,8.41,224383766,0.004421
C176420,983,10.73,364207419,0.009155
C176421,2092,7.21,180301766,0.003045
C176422,2500,5.92,251284008,0.003485
C176423,300033,220,37632000,0.019395
C176424,300024,11.92,108514837,0.00303
C176425,627,3.43,256403002,0.00206
C176426,2405,14.93,166218298,0.005814
C176427,559,5.13,231265394,0.002779
C176429,630,3.17,736857332,0.005472
C176430,2340,7.42,359491059,0.006249
C176431,876,14.1,315352981,0.010416
C176432,2670,8.77,135455926,0.002783
C176433,998,16.2,92187921,0.003499
C176434,300498,21.4,130924916,0.006564
C176435,300115,14,84071940,0.002757
C176436,300296,7.02,178003103,0.002927
C176437,2217,3.16,202567054,0.0015
C176438,2050,24.75,71821981,0.004164
C176440,2572,20.8,34747613,0.001693
C176441,2081,5.37,186994058,0.002352
C176442,2311,56.99,116281274,0.015524
C176443,2074,28.51,124521238,0.008317
C176444,300122,83,112000000,0.021777
C176445,825,4.35,398737346,0.004063
C176448,300251,9.53,205352590,0.004585
C176449,300418,50.5,82392390,0.009747
C176450,2384,29.43,119690713,0.008252
C176451,300017,7.61,171292086,0.003054
C176452,157,6.39,496721938,0.007436
C176453,883,4.23,427690783,0.004238
C176454,898,2.92,415956557,0.002845
C176455,2555,31,100580145,0.007304
C176456,2635,15.09,47827094,0.001691
C176457,2602,6.64,521678988,0.008115
C176458,2583,6.45,127125578,0.001921
C176459,300144,16.74,183028583,0.007178
C176460,786,28.14,118265549,0.007796
C176461,999,58.35,68523000,0.009367
C176463,887,12.4,92154282,0.002677
C176464,2294,37.7,70233442,0.006203
C176467,623,15.73,81413292,0.003
C176469,300433,13.63,348143600,0.011116
C176470,2465,10.62,161311407,0.004013
C176471,977,38.18,101760492,0.009102
C176472,778,4.21,279304114,0.002755
C176473,938,34.16,92952596,0.007438
C176475,2153,24.33,146956591,0.008376
C176476,2385,7.77,289889730,0.005277
C176477,66,13.69,225805936,0.007242
C176478,300142,36.09,112094142,0.009477
C176479,2007,23.71,127705671,0.007093
C176480,2422,28.79,99779600,0.00673
C176482,2001,18.12,216585160,0.009194
C176484,28,46.5,26126976,0.002846
C176485,959,3.81,529457584,0.004726
C176486,686,6.88,163831704,0.002641
C176487,2176,15.35,119442791,0.004295
C176490,300182,6.99,183327620,0.003002
C176491,961,2.02,267859123,0.001268
C176492,661,169.75,28330420,0.011266
C176494,2127,4.96,171840928,0.001997
C176495,39,7.53,161187774,0.002843
C176497,27,6.09,319458733,0.004558
C176500,300274,99.46,103965119,0.024224
C176501,300014,67.12,142923149,0.022473
C176504,2506,3.13,409522150,0.003003
C176505,997,17.29,72244406,0.002926
C176507,960,14.56,115206137,0.00393
C176508,300315,4.54,193023893,0.002053
C176510,2019,14.99,86387425,0.003034
C176512,596,290.5,28602000,0.019465
C176514,300383,14.18,125831499,0.00418
C176515,2608,6.35,84974281,0.001264
C176516,878,12.81,140253982,0.004209
C176517,300133,7.74,133075159,0.002413
C176518,9,11.46,180544978,0.004847
C176519,300146,23.01,119021613,0.006416
C176520,581,20.24,58539570,0.002776
C176521,2223,31.02,70173385,0.005099
C176522,937,6.92,217966837,0.003533
C176523,488,5.26,122466238,0.001509
C176524,2152,12.97,173836803,0.005282
C176526,2424,8.34,88800000,0.001735
C176527,2078,12.48,177287075,0.005183
C176528,2080,24.34,117468651,0.006698
C176532,2268,42.24,59240622,0.005862
C176533,2038,9.13,71914500,0.001538
C176534,2292,7.08,103508979,0.001717
C176535,2221,9.38,110328944,0.002424
C176536,2056,20.32,113869845,0.00542
C176539,59,7.62,111960978,0.001999
C176541,2049,123.24,59472095,0.01717
C176542,800,8.19,160295708,0.003075
C176543,591,6.81,273645921,0.004366
C176544,2183,5.75,181790636,0.002449
C176545,729,13.82,197297754,0.006388
C176546,2709,41.11,134732211,0.012975
C176547,690,6.17,152312150,0.002202
C176549,2434,9.2,91882000,0.00198
C176551,158,8.96,111903170,0.002349
C176552,400,22.14,70582912,0.003661
C176553,513,37.66,43750854,0.00386
C176554,88,5.06,157441322,0.001866
C176555,300001,17.48,72849750,0.002983
C176556,89,7.49,143553866,0.002519
C176557,2273,14.02,97344255,0.003197
C176558,2407,32.09,53626131,0.004031
C176560,2299,24.66,87078138,0.00503
C176561,2131,2.32,472836294,0.00257
C176563,300058,9.18,174372648,0.00375
C176564,300257,17.44,69554451,0.002842
C176565,62,14.05,67984106,0.002238
C176568,300376,7.75,145055999,0.002634
C176571,2701,5.08,180128231,0.002144
C176572,2032,53.15,32731261,0.004075
C176574,300207,19.85,130362334,0.006062
C176575,685,7.14,103257795,0.001727
C176579,2110,4.91,171610337,0.001974
C176581,78,3.35,192558328,0.001511
C176582,2595,29.45,56000000,0.003863
C176583,2004,5.65,138594343,0.001834
C176584,2180,45.31,98765615,0.010483
C176588,758,5.38,137856490,0.001737
C176589,300002,12.04,137276439,0.003872
C176590,563,3.25,357977925,0.002725
C176591,61,6.16,118787489,0.001714
C176592,300168,15.6,101023439,0.003692
C176593,300166,14.33,80666701,0.002708
C176596,300294,36.74,35297412,0.003038
C176597,2444,18.94,82431512,0.003657
C176598,2030,16.14,98241222,0.003715
C176599,988,31.77,70385189,0.005238
C176600,2203,11.56,105400001,0.002854
C176601,2797,6.05,294168000,0.004169
C176604,2242,16.11,53691190,0.002026
C176605,2440,7.69,80535000,0.001451
C176606,2120,11.95,91507389,0.002562
C176607,2429,4.82,316885842,0.003578
C176608,2010,6.11,63059614,0.000903
C176609,2353,27.46,71886706,0.004624
C176610,300244,28.6,43882863,0.00294
C176612,2390,5.06,136069631,0.001613
C176619,2249,5.16,117803402,0.001424
C176620,2195,3.38,232715058,0.001843
C176621,300026,6.27,210290839,0.003089
C176623,21,20.43,109241131,0.005228
C176625,12,6.66,137292613,0.002142
C176626,300496,119.54,28589725,0.008006
C176628,2041,18.27,61600000,0.002636
C176629,2191,7.49,102962129,0.001807
C176631,300113,16.46,48600107,0.001874
C176633,300253,14.97,150340976,0.005272
C176636,2414,12.45,229962714,0.006707
C176638,300009,11.96,117128057,0.003282
C176640,869,32.08,26992254,0.002029
C176641,2128,13.07,85738207,0.002625
C176642,2155,15.69,84142763,0.003093
C176645,2028,43.12,53622925,0.005417
C176651,2773,18.69,25285259,0.001107
C176654,2326,20.28,61359641,0.002915
C176655,2643,18.05,65123465,0.002754
C176656,2250,13.81,64627238,0.002091
C176658,738,24.03,92062880,0.005183
C176659,2368,45.75,41418858,0.004439
C176664,600,5.15,75069145,0.000906
C176667,300085,12.5,49464837,0.001448
C176669,2302,8.47,51819644,0.001028
C176670,2568,42.16,68587436,0.006774
C176672,2099,7.2,113310068,0.001911
C176673,987,6.98,150513974,0.002461
C176674,2237,12.63,80361008,0.002378
C176678,2493,15.52,208955397,0.007597
C176681,550,13.54,36344980,0.001153
C176682,2690,31.67,55065188,0.004085
C176684,528,6.75,136851399,0.002164
C176685,2603,30.99,116949376,0.00849
C176686,2399,13.79,36948350,0.001194
C176689,2123,15.07,56153740,0.001982
C176690,300458,37.49,37734086,0.003314
C176691,300463,18.43,32154653,0.001388
C176692,681,16.78,38386564,0.001509
C176695,543,5.04,158680433,0.001874
C176696,2373,14.65,71139364,0.002441
C176698,767,3.08,192308889,0.001388
C176699,555,14.26,41639138,0.001391
C176703,519,22.11,59183757,0.003065
C176704,2727,33.17,38751734,0.003011
C176706,2831,26.96,45001972,0.002842
C176707,2461,9.43,112713753,0.00249
C176710,2563,6.05,70248401,0.000996
C176718,300369,17.25,51907987,0.002098
C176721,2463,25.11,132766114,0.00781
C176722,300558,68.02,10617790,0.001692
C176726,2653,27.6,42502189,0.002748
C176727,2698,16.51,69022125,0.00267
C176730,517,2.91,114143621,0.000778
C176737,2314,3.42,107160493,0.000859
C176739,2287,26.2,13390053,0.000822
C176740,2498,4.03,110699137,0.001045
C176741,2416,9.27,43653702,0.000948
C176823,601225,19.83,678650000,0.031526
C176824,603799,53.93,111135186,0.014041
C176825,601117,9.66,427662941,0.009678
C176826,600346,16.18,223314755,0.008464
C176827,600598,13.39,124437594,0.003903
C176828,601878,10.43,96954220,0.002369
C176829,600338,22.41,41139458,0.00216
C176831,603833,131.9,16751679,0.005176
C176835,603225,10.94,49098247,0.001258
C176842,600900,21.08,1591930146,0.078614
C176843,600048,15.11,837919858,0.02966
C176845,600383,9.01,316020850,0.00667
C176848,601155,17.34,158451030,0.006436
C176850,600061,7.2,321265135,0.005419
C176852,600362,19.79,145267318,0.006735
C176853,600153,12.7,210453322,0.006261
C176854,600663,10.45,123277984,0.003018
C176855,600176,15.22,280219571,0.009991
C176856,600376,4.81,180569567,0.002035
C176857,600583,6.64,309494836,0.004814
C176858,600895,17.37,108408269,0.004411
C176862,600256,9.14,459602860,0.009841
C176868,600871,2.22,374241838,0.001946
C176870,600426,35.12,148573600,0.012224
C176876,600236,5.58,236471334,0.003091
C176881,600007,17.38,50364127,0.002051
C176882,600639,12.34,54367536,0.001572
C176883,600562,16.92,86930049,0.003446
C176888,1979,14.87,503041382,0.017523
C176890,2044,7.43,273997775,0.004769
C176891,2146,1.87,282630650,0.001238
C176892,2202,11.02,241604667,0.006237
C176893,402,5.13,209225093,0.002514
C176896,671,1.7,289826807,0.001154
C176897,60,4.83,261627947,0.00296
C176898,46,1.03,259810033,0.000627
C176899,656,1.59,373780107,0.001392
C176900,425,6.96,827131627,0.013486
C176901,750,3.45,381116786,0.00308
C176902,2624,19.56,82448657,0.003778
C176904,703,8.48,229142533,0.004552
C176905,970,13.32,85100804,0.002655
C176907,2244,10.18,202243853,0.004823
C176909,712,14.21,62720000,0.002088
C176910,718,3.1,212424547,0.001543
C176911,598,5.09,209035302,0.002493
C176914,975,13.57,194370559,0.006179
C176915,31,3.93,261043758,0.002403
C176916,828,9.82,72766189,0.001674
C176918,902,11.19,91317050,0.002394
C176919,2036,12.94,74398069,0.002255
C176920,539,5.92,172894169,0.002398
C176922,2174,13.35,36634484,0.001146
C176924,2266,3.99,375885717,0.003513
C176927,810,21.56,48884183,0.002469
C176931,GULF,52.75,4242617511,0.106488
C176939,600325,12.18,148201278,0.004229
C176951,ADNOCDIST,4.24,2874737500,0.053492
C177063,VBBR3,14.1,1114903500,0.050089
C177129,NEOE3,14.68,226631940,0.010601
C177380,ENJSA,31.74,236213824,0.006275
C177388,3319,6.53,770177633,0.010326
C177436,MPARK,63.9,76290347,0.00408
C177605,2648,16.07,235859584,0.008879
C177606,300308,70.5,47725973,0.007882
C177607,2839,4.51,54241536,0.000573
C177608,2841,78.2,17344206,0.003177
C177609,300618,42.16,21673200,0.002141
C177610,601828,5.44,98939036,0.001261
C177611,2129,49.05,226221359,0.025994
C177612,401,8.88,186074898,0.003871
C177613,651,37.29,70533357,0.006162
C177615,1872,17.56,39709958,0.001634
C177616,553,9.02,60074075,0.001269
C177618,723,9.02,302850138,0.006399
C177772,IQ,6.71,435419924,0.047089
C177819,BANDHAN,208.15,789279434,0.032332
C177822,ADANIGR,856.35,397324759,0.06696
C177828,HNAL,2767.85,94798656,0.051638
C17798,EMAAR,8.2,365500000,0.012876
C178021,HAPV3,2.37,4003511201,0.030233
C178077,1833,19.86,379341984,0.015468
C178089,KVIKA,18.3,4326425998,0.009311
C178139,BRIS,1810,3130875199,0.006125
C178173,SOKM,28.48,250238286,0.005965
C178271,601108,7.73,325061094,0.005886
C178272,603260,82.38,42437916,0.00819
C178273,601019,7.71,66725000,0.001205
C178274,600025,6.86,449312500,0.007221
C178275,601838,13.63,93393246,0.002982
C178277,600588,26.19,240436802,0.014752
C178279,600801,15.81,95331590,0.003531
C178282,600392,14.54,122697860,0.004179
C178289,6098,12.84,2061953373,0.05436
C178536,1810,12.08,14648802468,0.363331
C178651,PDD,72.03,436980083,0.507303
C17876,MARK,2.766,6195660000,0.075881
C178771,MALLPLAZA,1034.1,297961442,0.006133
C178782,HDFCAMC,1741.45,78692997,0.026969
C178786,788,0.97,46662056000,0.092933
C178808,6160,134.4,612982562,0.169153
C178826,601727,4.58,640107172,0.006868
C178827,50,11.03,161557692,0.004175
C178862,MSIN,4070,1602876520,0.007051
C178900,QHOLDING,2.43,2056679666,0.021933
C178905,NIO,9.01,1199732596,0.174221
C178936,ATGL,863,277146007,0.04707
C178952,2352,58,342664166,0.046559
C178953,2372,24.43,107467627,0.00615
C178954,2430,40.3,43544098,0.004111
C178955,2600,6.2,494977980,0.007189
C178956,2625,17.08,150821150,0.006035
C178957,601360,18.6,500175424,0.021794
C178958,300347,101.82,52451949,0.012511
C178959,603866,15.57,33327482,0.001216
C17896,BOUBYAN,651,1135632815,0.038832
C178960,603515,19.3,20740794,0.000938
C178961,603658,62.96,14656806,0.002162
C178962,300601,33.76,78434096,0.006203
C178963,603233,37.47,23733231,0.002083
C178964,300676,73.92,10109133,0.001751
C178965,603659,51.45,97363257,0.011735
C178966,1965,8.8,154664200,0.003188
C178967,603056,17.93,25679713,0.001079
C178968,601066,26.8,356327390,0.022371
C178969,932,5.54,449952293,0.00584
C178970,600779,74.4,34185553,0.005958
C178971,600258,24.96,78496819,0.00459
C178973,830,13.37,133302331,0.004175
C178975,600673,8.62,210972808,0.00426
C179030,3690,133.8,4704459826,1.292407
C179054,6862,20.85,1504908931,0.064424
C179072,1787,16.8,672307253,0.023191
C179133,1772,45.05,367822240,0.034022
C179191,OSP,29.25,1369379328,0.019059
C179202,2185,10.82,224313925,0.005686
C179205,2192,75.02,18175864,0.003194
C179207,2212,12.72,83006920,0.002473
C179214,2240,33.24,63832711,0.004971
C179230,300699,53.57,32396875,0.004066
C179232,600460,41.36,99125029,0.009604
C179233,603338,56.29,27849133,0.003672
C179244,600167,6.05,97245078,0.001378
C179245,601799,119.52,18097791,0.005067
C179246,600486,94,21692923,0.004777
C179256,601636,10.12,136396962,0.003234
C179266,603198,65.16,20000000,0.003053
C179269,537,11.41,130376450,0.003485
C179273,300316,69.44,91547967,0.014892
C179275,300357,49.06,36650880,0.004212
C179276,603707,16.93,71611800,0.00284
C179301,2920,117.21,34704633,0.009529
C179305,300037,52.52,51971511,0.006394
C179312,2371,312.66,36904279,0.02703
C179345,933,17.08,157569063,0.006305
C179352,600763,127.96,22444800,0.006728
C179357,860,37.77,51923689,0.004594
C179359,600141,29.42,77820726,0.005363
C179372,600872,36.96,54976317,0.00476
C179374,799,125.23,22745029,0.006673
C179375,683,8.37,253523099,0.004971
C179381,739,21.72,82496644,0.004198
C179389,2156,24.5,105926565,0.00608
C17939,3481,14.6,8260600693,0.063669
C179442,300373,58.68,35868008,0.004931
C179483,300073,56.12,35455054,0.004661
C179486,2409,66.5,33314937,0.00519
C179490,300413,38.5,130950457,0.011811
C179496,603939,56.1,50313574,0.006612
C179499,300438,53.98,28953852,0.003661
C179509,300482,31.7,27809678,0.002065
C179515,2157,3.36,222670241,0.001753
C179540,2064,7.33,258894979,0.004446
C179542,300529,32.18,51112632,0.003853
C179543,2812,111.83,54741278,0.014341
C179547,2821,144.04,17016412,0.005742
C179561,2850,132.32,16304432,0.005054
C179562,2497,20.94,72035158,0.003534
C179565,300628,72.32,56401907,0.009556
C179568,2507,25.34,62134102,0.003688
C179572,2511,12.17,91872029,0.002619
C179576,2518,45.78,36723182,0.003938
C179593,1801,38.35,1382260385,0.10884
C179641,2531,14.05,126175634,0.004153
C179648,300212,45.67,46607002,0.004986
C179657,601058,10.23,214443934,0.005139
C179675,601100,66.68,83801312,0.01309
C17968,KAREL,16.49,119318412,0.001647
C179694,ARION,140,1431480000,0.023568
C179701,600655,8.04,272326808,0.005129
C179730,877,8.95,147278408,0.003088
C179731,831,36.17,68662229,0.005818
C179739,547,11.64,112257958,0.003061
C179742,600563,142.9,15750000,0.005272
C179782,780,16.96,1165277416,0.040578
C179856,601869,41.25,18947627,0.001831
C179905,TME,7.61,615343265,0.075473
C17991,1398,4.15,78756867376,0.671073
C179911,733,96.09,36269353,0.008164
C179918,1914,15.66,74224224,0.002723
C179956,QAMC,1.563,2734258800,0.018923
C179958,603986,138.6,46722697,0.01517
C179961,603259,83.82,179455130,0.035238
C179962,601138,18.37,874145502,0.037618
C179964,600160,17.21,188982226,0.007619
C180007,2359,82.85,335017716,0.056989
C180036,603486,82.04,40174531,0.007721
C180055,QFIN,18.95,111626558,0.034093
C180078,DALBHARA,1999.35,82341025,0.032399
C180090,1877,30.3,174668920,0.010867
C180201,601598,4.37,300905303,0.00308
C180363,MCG,117.12,291506499,0.030162
C180378,301,13.2,310715091,0.009608
C180383,2925,20.98,19712010,0.000969
C180391,2916,93.58,12966076,0.002842
C180393,2382,7.94,54431425,0.001012
C180395,603882,88.71,32605389,0.006776
C180397,2936,2.26,450013032,0.002383
C180407,2926,8.28,131250000,0.002546
C180410,300454,159.2,10313111,0.003846
C180415,300595,34.09,62638223,0.005002
C180418,300741,25.43,15397500,0.000917
C180420,300750,390.51,170842511,0.15629
C180426,603228,26.39,25049182,0.001549
C180641,EMBASSY,314.95,608982260,0.037746
C180699,1797,30.7,271870631,0.017137
C180700,6185,40.6,90363891,0.007533
C180790,POLYCAB,2919.25,47663524,0.027383
C180814,6806,1.47,1747528000,0.005274
C180823,VAMO3,12.35,314724970,0.012385
C180867,601319,5.18,746400799,0.009057
C180869,300760,309,84870898,0.061436
C180870,601298,6.25,113594000,0.001663
C180871,2948,3.28,246988648,0.001898
C180872,601865,33.29,42422331,0.003308
C180946,ALMRAKEZ,20.5,160740000,0.014157
C180965,2705,17.16,57870945,0.002326
C181116,667,4.5,410634480,0.003794
C181140,3692,14.22,960296678,0.028037
C181252,1951,5.6,1566264592,0.018009
C181456,TITC,14.54,38990418,0.009981
C181593,FLUOROCH,3132.4,39758760,0.024509
C181623,300748,28.82,17884856,0.001207
C181632,2901,36.66,10403976,0.000894
C181639,300726,48.31,27907721,0.003158
C181647,603501,103.52,57914051,0.014045
C181648,629,4.86,602211834,0.006856
C181652,600378,43.13,55496053,0.005607
C181660,300773,19.98,56001400,0.002621
C181662,603317,24.83,19086681,0.00111
C181669,300782,135,33359084,0.01055
C181671,2958,2.84,138890108,0.000924
C181672,300759,52.45,25770095,0.003166
C181680,300770,46.82,14445000,0.001584
C181682,600968,3.43,466276050,0.003747
C181685,600989,14.48,183340000,0.006219
C181709,2938,31.78,58036896,0.004321
C181711,2939,8.47,220040932,0.004366
C181712,601577,7.66,248833174,0.004465
C181714,601872,6.72,567548926,0.008935
C181715,600985,13.08,158285242,0.00485
C181717,603708,13.1,42588114,0.001307
C181720,600132,125.25,33877984,0.00994
C181721,603517,44.2,19245082,0.001993
C181723,603712,31.65,25000001,0.001854
C181725,601615,22.32,159045999,0.008316
C181728,603638,17.13,58909095,0.002364
C181730,300724,116.02,21767350,0.005916
C181739,300682,25.37,74256855,0.004413
C181809,CENCOSHO,1250.7,483707861,0.012041
C182006,6110,7.12,1779199703,0.02601
C182010,AWC,5.6,7144717346,0.019038
C182032,IRCTC,569.9,300800000,0.033736
C182203,3816,2.91,511810394,0.003489
C182205,300769,178,12162636,0.005072
C182212,603267,79.48,14527007,0.002705
C182215,2966,6.91,91668106,0.001484
C182218,300783,19.48,10250000,0.000468
C182222,688188,197.4,9354911,0.004326
C182223,688099,91.5,28778400,0.006169
C182226,603613,75.15,34905879,0.006145
C182237,688122,82.72,32483225,0.006295
C182243,688012,180.2,43137114,0.01821
C182244,688008,76.3,79297688,0.014174
C182245,688009,5.55,452608426,0.005885
C182248,688005,70.8,31362634,0.005202
C182251,688006,43.8,23943753,0.002457
C182252,688002,51.91,31221663,0.003797
C182267,603927,39.94,14840000,0.001388
C182268,603786,59.14,10025000,0.001389
C182273,688116,65.59,16256043,0.002498
C182324,6186,5.87,4019305742,0.048442
C182365,9988,97.75,14683118991,2.946921
C182405,ARAMCO,32.65,2798906681,0.392613
C182429,3759,35.8,201024750,0.014776
C182589,6049,47.15,138333402,0.013392
C182706,300661,166.49,24808144,0.009676
C182713,603596,65.14,28592060,0.004363
C182714,300751,296.56,12109222,0.008413
C182715,603185,105.27,25788049,0.00636
C182721,300223,112.98,27209001,0.007201
C182744,600848,12.74,124741438,0.003723
C182768,9922,18.1,627710800,0.023328
C182850,603737,113.75,23527343,0.006269
C182870,708,17.76,353300040,0.014699
C182875,600745,58.99,87243728,0.012056
C182882,CRC,45,2773125523,0.059378
C183098,SBICARD,750.65,288753817,0.042657
C183124,SULAIMAN,269,91770000,0.106059
C183251,9926,44.05,490191247,0.044335
C183274,KC,8.12,104990116,0.01374
C183303,601916,2.89,516891822,0.003499
C183304,603893,101.73,10627269,0.002533
C183306,603290,297.55,10662879,0.007433
C183310,601077,3.67,339250000,0.002917
C183354,601696,11.07,69500000,0.001802
C183364,601658,4.69,1473253825,0.016187
C183392,DADA,7.74,69337703,0.00865
C183478,9999,140.2,1832705336,0.527563
C183513,9618,159,2363664641,0.771643
C183578,6078,61,344910876,0.043199
C183608,STGT,10.1,964754848,0.004636
C183635,9989,5.42,186415500,0.002075
C183644,6969,10.04,1786257201,0.036822
C183671,9668,1.37,2984705500,0.008396
C183703,300677,27.37,46165058,0.00296
C183778,SOMA3,7.63,441414057,0.010731
C183782,3347,74.7,123124800,0.018884
C183791,2756,83.82,24881610,0.004886
C183800,2607,4.69,154863530,0.001701
C183801,785,4.45,164168175,0.001711
C183802,600529,26.27,46452988,0.002859
C183803,2791,83.96,16880850,0.00332
C183804,2459,56.45,164772248,0.02179
C183805,603127,55.61,28147486,0.003667
C183878,BEKE,18.88,639649086,0.194642
C184091,9633,44.6,1744784890,0.159776
C184114,9987,492.6,418954541,0.423735
C184303,909,4.68,562296996,0.005403
C184313,CZG,584,8013949,0.003524
C184318,9688,25.9,923848109,0.049129
C184336,2057,224.4,434126894,0.20002
C184402,GMAT3,5.37,398435521,0.006817
C184451,MNSO,16.71,86758295,0.023366
C184499,BINDAWOO,68,29260800,0.008548
C184573,SCGP,45.25,1197037540,0.025773
C184610,MRDIY,1.59,2145670155,0.0125
C184614,LU,1.97,686014384,0.021782
C184627,CNVRG,12.76,2469087580,0.009332
C184643,1516,3.23,687978133,0.004563
C184681,873,1.91,797455026,0.003127
C184707,9698,17.34,935412694,0.033303
C184749,9901,29.55,1352411376,0.082054
C184752,9995,44.05,145190590,0.013132
C184763,601456,11.35,146805525,0.003903
C184801,9666,11.74,228600854,0.00551
C184824,YSG,1.44,245975334,0.005709
C184895,6690,24,2312515371,0.113954
C184932,RDOR3,21.89,772029795,0.053848
C184956,6618,57.5,1036378463,0.122354
C184959,6770,32.6,2852999161,0.0491
C184964,1209,40.8,579680600,0.04856
C185001,9992,19.84,703052349,0.028639
C185011,3714,52.4,704144049,0.019479
C18502,KIO,446.88,54110444,0.021362
C185041,6993,5.01,858233716,0.008828
C185052,KONTR,136.6,83639998,0.009562
C185123,GHITHA,36.2,39839840,0.006329
C185275,RLX,2.88,721784465,0.033504
C185318,300763,127.58,27768191,0.008299
C185322,2532,7.22,128842497,0.002179
C185323,603606,46.95,48140076,0.005295
C185325,300568,18.76,89657320,0.00394
C185326,300390,50.62,44828201,0.005316
C185352,600918,6.84,174215644,0.002792
C185353,603392,119.2,22777146,0.00636
C185355,603345,156.19,20531646,0.007512
C185356,603456,34.32,58470472,0.004701
C185369,600556,8.77,93794778,0.001927
C185379,INTB3,22.43,72074444,0.005151
C185382,IRFC,27.45,1782069000,0.009627
C185442,CMIN3,4.56,523872899,0.007612
C185451,688185,116.79,5662186,0.001549
C185452,688180,52.19,53647592,0.006559
C185496,1024,56.15,1959905280,0.225953
C185540,OR,21,2778392981,0.027762
C18561,INFOE,3743.55,76411835,0.056294
C185635,ASAI3,13.63,1183738797,0.051409
C185668,6127,31.8,81977588,0.005352
C185848,TUYA,1.71,234279806,0.006457
C185915,9888,142.9,2241555287,0.657681
C185976,9626,168.7,235613512,0.081611
C186100,QUAGR,72.3,57960000,0.003507
C186186,GGPS3,12.05,418684631,0.016075
C186193,9961,293.4,531239196,0.320025
C186214,LODHA,914.55,111983742,0.020155
C186272,6781,702,24028027,0.008905
C186280,GWIND,16.05,160437437,0.002155
C186322,CXSE3,9.06,450000000,0.012991
C186374,AYDEM,15.29,110439864,0.001413
C186400,RECV3,20.63,197623654,0.01299
C186431,601995,41.15,65069642,0.006273
C186433,300999,43.05,135661774,0.013682
C18652,FREN,59,94665695452,0.006037
C186558,2618,13.26,1667386345,0.045396
C186574,MONDE,9.22,7213374498,0.019699
C186691,BZ,18.7,134565471,0.040557
C18671,OMAB,198,275140751,0.048135
C186724,6699,117,44919525,0.010791
C186795,YMM,7.18,629485341,0.072845
C186815,SONACOMS,423.3,348599143,0.02904
C186834,2945,15.28,67500000,0.002416
C186837,300850,46.06,20606800,0.002224
C186839,688036,129.47,56118367,0.017021
C186840,688111,470.34,32270000,0.035556
C186846,600095,9.52,109880262,0.002451
C186851,300866,69.85,8895408,0.001456
C186852,300869,24.72,9634552,0.000558
C186853,300888,65.56,10970039,0.001685
C186854,300896,559.77,11702877,0.015346
C186870,300832,59.69,19649789,0.002748
C187068,ALPHADHA,20.3,1337000000,0.119111
C187074,9868,40.35,1049340412,0.086935
C187118,SMFT3,13.52,115000000,0.004954
C187184,ZOMATO,52.15,5574191809,0.057208
C187340,155,15.67,103314877,0.003793
C187344,688208,31.99,11361508,0.000851
C187347,600295,15.4,98778813,0.003564
C187349,2738,67.25,32313255,0.005091
C187350,300604,56.17,42303011,0.005566
C187351,300672,112.51,15212135,0.004009
C187389,2015,92.95,1048816892,0.200162
C187577,ISB,117,1126200000,0.015496
C187776,PENTA,17.12,197848872,0.002835
C187836,CANTE,43.96,74349000,0.002735
C187850,ZRGYO,4.44,889029829,0.003304
C187909,OYYAT,36.88,91048327,0.00281
C187910,BASGZ,13.81,141575774,0.001636
C187982,GENIL,48.42,80334702,0.003256
C188022,ONE,0.859,1499049077,0.004591
C188139,ADNOCDRILL,3.76,1600000000,0.026402
C188164,SOLUTION,277.8,25200000,0.030076
C188320,ACWA,147,133145542,0.084089
C18837,1898,5.89,2094398130,0.025328
C18847,1888,8.35,1043952000,0.017898
C18851,1818,12.82,1036317923,0.027278
C18863,552,3.93,2391420240,0.019297
C189226,ASM,7.65,191100000,0.006416
C189322,FERTIGLOBE,4.07,1146412144,0.020477
C189427,688385,75.11,19934782,0.003508
C189441,NYKAA,131.25,1353233900,0.034954
C189474,POLICYBZ,593.5,356309441,0.041617
C189504,KZBGY,23,90000000,0.001733
C189507,PAYTM,645.8,147496193,0.018746
C189539,MTEL,700,23244511386,0.017586
C189580,TADAWUL,156.6,48000000,0.032294
C189608,EKHOA,41.41,289761558,0.006259
C18963,HMN,355.05,208499184,0.014569
C189675,AVIA,620,17726577900,0.011878
C189758,STARHEAL,568.3,227165712,0.025406
C18995,ICEAIR,1.93,20148921114,0.004573
C19027,MPI,3.7,11004912328,0.01206
C190365,MULTIPLY,3.17,3375680000,0.046962
C190522,20,3.33,15394507370,0.105255
C190523,688599,50.61,151731119,0.017989
C190532,688363,114.39,23388250,0.006267
C190536,600905,5.48,1740401647,0.022343
C190537,601868,2.47,2270010935,0.013135
C190538,300957,126.8,13246956,0.003935
C190539,688390,278.79,7013601,0.004581
C190541,300979,50.91,19245920,0.002295
C190546,603026,79.82,13174200,0.002463
C190548,605117,248.55,14933450,0.008695
C190549,688396,64.08,67595042,0.010147
C190556,3022,28.21,47892000,0.003165
C190557,3035,7.53,189393939,0.003341
C190559,300919,66.63,46944350,0.007328
C190561,688289,24.15,12296042,0.000696
C190568,605358,59.07,47379385,0.006556
C190570,605499,184.6,10002500,0.004326
C190703,GESAN,74.35,117562000,0.007316
C190725,688187,52.04,39622137,0.00483
C190816,AWLTD,409.2,156729745,0.012621
C190828,ADPORTS,6.25,876518360,0.024042
C190848,MANYAVAR,1139.6,36635673,0.008216
C190882,7203,431.2,25608000,0.04744
C191084,6655,8.52,314092800,0.005495
C191094,4164,178.8,39000000,0.029959
C19111,TAEE11,35.05,218568247,0.02441
C191293,DEWA,2.45,5138629032,0.055251
C191295,GOTO,101,7.12451E+11,0.077771
C191337,YZJFH,0.375,2382791764,0.010827
C191507,ERCB,97.45,16462010,0.001343
C191534,BOROUGE,2.65,1851553802,0.021533
C19156,1882,20.55,574560000,0.024243
C191693,BHARTIPP,379.3,148151457,0.011059
C191729,617,7.41,298270512,0.005178
C191730,300861,45.74,33600840,0.0036
C191731,301029,54.98,32692819,0.004211
C191782,688777,106.85,34777610,0.008705
C191783,601156,15.47,111128889,0.004027
C191823,TLI,12.7,2493305400,0.015067
C191842,601825,5.81,241111111,0.003282
C191843,600096,20.66,128512527,0.00622
C191844,408,23.92,85333121,0.004782
C191845,688063,234.64,10479238,0.00576
C191846,688536,282.2,6755576,0.004466
C191847,300363,38.7,38091572,0.003453
C191848,688301,361.61,3900292,0.003304
C191849,600906,8.15,125000000,0.002387
C191850,688516,175.1,8264527,0.00339
C191853,688696,202.26,3616319,0.001713
C19191,TPW,521.35,216114105,0.022173
C192020,9696,52.25,104336000,0.011193
C192036,INVES,213,37500000,0.006685
C192038,KMPUR,90.1,31736705,0.002393
C192045,EUREN,11.38,188131291,0.001792
C192048,1880,187.5,69489800,0.026752
C192051,YYLGD,29.6,71000000,0.001759
C192057,KCAER,16.29,137485008,0.001874
C192152,MAGEN,36.58,98900000,0.003028
C192175,SMRTG,75.55,76416000,0.004832
C192179,KLRHO,27.88,97500002,0.002275
C19232,3898,34.95,531129400,0.038114
C192483,LASITEB1,7.23,1767400000,0.011291
C192496,SALIK,2.88,1867500000,0.023604
C192963,AMR,3.93,2861508164,0.049353
C193128,601928,10.5,164718653,0.004052
C193129,603688,130.61,22579820,0.006909
C193136,688690,51,28010216,0.003346
C193137,688303,48.37,55108096,0.006244
C193138,688779,14.88,86889728,0.003029
C193139,688707,39.4,19378398,0.001789
C193140,600732,32.47,79409572,0.00604
C193142,600873,9.41,212972581,0.004695
C20340,ARI,228.21,105840990,0.021339
C20341,AVI,71.31,328609946,0.020702
C20342,SBK,170.24,1327394020,0.199636
C20351,SAP,46.65,567537149,0.02339
C20539,VESBE,10.25,309447760,0.002655
C20894,CEMEXCPO,9.58,15137459907,0.128133
C20896,GRUMAB,266.65,194643664,0.045859
C20901,GMEXICOB,83.68,3155618410,0.233319
C20902,PE&OLES*,268.42,123955697,0.029398
C20941,ELET3,32.72,1316790939,0.137283
C20944,CSNA3,14.57,617190666,0.028653
C20983,FEMSAUBD,171.36,1821763844,0.275832
C20987,VIVT3,39.3,439070179,0.054981
C21010,USIM5,7.01,459936367,0.010273
C21849,APPC,47.9,127400000,0.026218
C22835,TLV,19.67,564060454,0.039562
C22916,SNP,0.4852,15853348494,0.027427
C23305,MAREL,570,569390292,0.038168
C23409,POWF,157.35,1161789630,0.035976
C23496,UNOMINDA,480.25,166867560,0.015771
C23508,TAVHL,80.25,171708819,0.011533
C23549,INBK,288.65,197579993,0.011224
C23627,APEX,2.04,503487798,0.004508
C23634,NMDC,22.74,205507500,0.020509
C23818,IDEA,6.25,8027475747,0.009874
C23929,DFM,1.29,1615144126,0.009144
C24269,SABB,36.55,1001506850,0.157266
C24330,PAG,36462.65,5734090,0.041147
C24458,ASTRA,1398.75,118563991,0.032637
C24776,MDIA3,26.24,123851274,0.010355
C24915,2007,2.05,12972840928,0.054604
C24941,YZJSGD,1.21,2537662025,0.037204
C25069,SIPCHEM,39.85,359333170,0.06152
C25115,RESEARCH,201,32160000,0.027772
C25116,SADAFCO,272.2,15423880,0.018037
C25119,TAWUNIYA,106.4,61250000,0.027999
C25123,998,3.99,9313210498,0.076297
C25153,3993,4.72,3933468000,0.03812
C25453,SMTO3,28.4,162673664,0.014721
C25455,JBSS3,16.79,1350363416,0.072242
C26914,KAYAN,13.02,735000000,0.041114
C26933,HALKB,10.95,611174500,0.005601
C27174,ISMEN,42.52,121623000,0.004328
C27399,811,6.23,347096100,0.00444
C27806,2382,92.2,651089982,0.123255
C27816,SLCE3,44.66,97402161,0.01386
C27900,MNCN,565,6252374706,0.003818
C28105,DLFU,382.9,620082841,0.046726
C28220,656,5.67,2157394147,0.025116
C28337,2020,110.5,1133447934,0.257156
C28338,3331,19.62,258878369,0.010429
C28344,AEGN,7.42,36499642,0.004768
C28483,AP,36.8,1554137230,0.01694
C28517,AIRARABI,2.12,2286683000,0.021275
C28671,MULT3,25.32,277755399,0.022409
C29531,817,1.38,6721026930,0.019044
C30043,GENT,4.63,2289167491,0.038833
C30049,KLK,21,424984462,0.032699
C30050,MAY,8.66,7097856586,0.225208
C30057,PEP,16.6,669048310,0.040691
C30061,SIME,2.2,3525494796,0.028417
C30065,HLFG,18.1,225768528,0.014972
C30136,IOI,3.74,2463978615,0.033763
C30143,NESZ,135.4,61040350,0.030281
C30151,GENM,2.63,2790416358,0.026888
C30154,T,4.94,1146303114,0.020747
C30164,TNB,9.23,3216813872,0.108784
C30167,267,9.09,4907527306,0.091593
C30194,IJM,1.62,3070303200,0.018224
C30204,AMM,3.67,2095667628,0.028179
C30209,CIMB,5.16,6751598858,0.127642
C30237,KTB,16.6,6169033436,0.048727
C30239,SCB,103.5,1697811289,0.083613
C30248,ADVANC,210,1116411742,0.111555
C30250,INTUCH,74,867435571,0.030543
C30251,TRUE,8.25,10486509284,0.041165
C30361,HLBK,20.28,625984890,0.046513
C30368,YTL,0.615,4686585169,0.01056
C30372,PTG,16.64,570276567,0.034768
C30374,SCCC,136,88595400,0.005733
C30423,ICT,210,1093763364,0.068032
C30424,JGS,50.7,3008393496,0.045177
C30425,MER,310,262480520,0.024101
C30426,MEG,2.01,11340636074,0.006752
C30428,MBT,57.55,1798966796,0.030665
C30430,TEL,1281,91067861,0.034553
C30434,SMC,105.6,363442306,0.011368
C30435,SMPH,33.5,10632607451,0.105501
C30437,URC,141,876191071,0.036592
C30447,GGRM,25650,461781120,0.012802
C30448,HMSP,1035,8723855768,0.009759
C30449,INTP,9900,1449061077,0.015505
C30451,ISAT,6750,1125251900,0.008209
C30453,KLBF,2050,18516133256,0.041025
C30457,MYOR,2560,3512551727,0.009719
C30460,SMGR,6025,3320412532,0.021622
C30462,TLKM,4250,46321492482,0.212771
C30573,291,64.75,1573101381,0.209137
C30576,270,7.59,2919575307,0.045498
C30577,1199,4.75,1403617173,0.013689
C30579,688,20,3830709237,0.157305
C30608,ASII,5925,20197244662,0.129337
C30616,AC,650,281450544,0.054186
C30620,ALI,27.7,7446533302,0.061095
C30645,ALPHA,1.151,2136272966,0.04329
C30651,TPEIR,2.122,674519707,0.0252
C30665,HTO,13.5,212422933,0.050488
C30673,MYTIL,27.48,102246105,0.049467
C30676,ETE,4.598,545239341,0.044138
C30682,FSR,62.12,4958787393,0.272135
C30737,SLM,56.17,1753742346,0.087026
C31239,HAR,82.86,535021005,0.039165
C32011,DXCO3,5.57,332753373,0.005906
C32041,3888,37.5,863228342,0.066465
C32259,3377,0.79,2908236591,0.004717
C32260,PWGR,225.25,3141534904,0.139261
C34343,363,10.74,455215497,0.010038
C34345,144,11.22,1519719738,0.03501
C34348,392,28.55,513150859,0.03008
C34349,135,6.07,3673067575,0.045777
C34401,EUROB,1.233,2545403057,0.055255
C34404,ELPE,7.6,58232672,0.007792
C34405,ELLAKTOR,2.045,83506523,0.003007
C34406,QUEST,5,26893144,0.002367
C34415,SAR,6.81,32152966,0.003855
C34420,ABG,184.05,829808659,0.134925
C34425,BVT,255.09,339067726,0.076411
C34436,INL,98.54,278372172,0.024234
C34438,MTN,129.32,1798912338,0.20552
C34447,SHP,225.76,484836786,0.096699
C34454,DELTA,914,278822188,0.12126
C34458,PTTEP,159.5,1377981932,0.10458
C34459,MAKRO,38.75,1592094383,0.029355
C34461,IRPC,2.6,10205295423,0.012625
C34462,BPI,101.6,1944451885,0.058515
C34466,INKP,7275,2626071812,0.020648
C34467,INDF,6250,4384066951,0.029614
C34471,CMIG3,17.85,325851993,0.018533
C34477,CPLE6,7.13,1322226847,0.030039
C34478,SBSP3,50.2,339982578,0.054381
C34482,BANPU,10.9,7776868873,0.040334
C34483,CPF,20.9,4759411235,0.047331
C34484,TTB,1.44,42985894469,0.029453
C34557,BBL,153,668095013,0.048638
C34558,LH,9.8,8194419954,0.038211
C34559,SCC,312,726189610,0.107808
C34560,KBANK,130,1515895794,0.093769
C34894,2633,30.15,2082468431,0.033146
C35087,3532,161.5,61833196,0.005272
C35242,3998,4.24,3525889306,0.030695
C36154,COPEC,5531.2,487245163,0.053642
C36156,CMPC,1278,1197224328,0.030454
C36159,ENELAM,103.98,18988860645,0.0393
C36165,CCU,6171,131893608,0.0162
C36166,ANDINAB,2052.7,375119370,0.015326
C36170,SQM/B,60748,136079161,0.164537
C36172,902,3.96,4228464943,0.03438
C36173,900932,0.768,1086316358,0.013447
C36174,200539,2.13,798408000,0.003492
C36179,2039,5.26,690559769,0.007458
C36189,BCOLO,35300,274605761,0.034192
C36192,CEZ,1135,158335766,0.135318
C36194,KOMB,732,74786936,0.041221
C36197,TABAK,17420,428668,0.005623
C36199,COMI,51.6,2235841140,0.060176
C36220,MTELEKOM,400.5,362957901,0.006807
C36221,MOL,2714,358650964,0.04558
C36222,RICHT,7920,139324404,0.051671
C36223,OTP,10210,230032989,0.109979
C36234,HUVR,2565.25,886472284,0.447524
C36235,RIL,2341.45,3267555848,1.505668
C36236,ONGC,150.6,3685384004,0.109227
C36239,ITC,387.35,2957581423,0.225456
C36240,LT,2274.25,688479953,0.308142
C36241,HDFC,2729.3,1752808703,0.941472
C36242,SBIN,527.65,1784922307,0.185347
C36244,TTMT,437.65,1841522042,0.158608
C36247,NEST,19708.25,35900637,0.139242
C36248,MM,1171.25,919607422,0.21197
C36249,HNDL,405.25,1409540383,0.112414
C36250,BHEL,70.6,1282412953,0.017818
C36251,ACEM,383.6,685995210,0.051787
C36252,ACC,1712,85160433,0.028692
C36253,TATA,104.35,8143806651,0.16724
C36254,CSTRL,113.85,484669968,0.010859
C36255,IDBI,46.55,568398733,0.005207
C36257,CLGT,1538.6,132732536,0.040191
C36359,ISCTR,11.81,3117979182,0.03082
C36360,YKBNK,9.69,2705590435,0.021943
C36361,AKBNK,16.83,3080972826,0.043399
C36362,EREGL,34.86,1352050000,0.039448
C36363,MGROS,174.5,89046000,0.013005
C36364,GARAN,27.28,589260000,0.013454
C36365,DOHOL,9.22,927540355,0.007158
C36366,VESTL,48.68,131012250,0.005338
C36367,ARCLK,118,102615846,0.010134
C36370,AEFES,62.9,195098598,0.010271
C36375,SISE,42.8,1443763807,0.051718
C36376,TOASO,201.4,121950000,0.020556
C36379,2330,531,23999850782,6.727726
C36380,2303,52.4,11700742554,0.323676
C36381,2882,42.25,9199061671,0.20518
C36382,2357,270,704879506,0.100472
C36383,1303,77.5,5642779561,0.230866
C36384,2344,26.5,2940822143,0.041141
C36385,2883,12.8,15745039160,0.106394
C36386,1301,90.8,3728017077,0.178702
C36388,2002,30.8,12325116619,0.200404
C36389,3711,110.5,3401907145,0.198449
C36391,2317,103,11926330821,0.648499
C36392,1402,31.3,3920981104,0.064789
C36393,2324,25.65,4108782798,0.055637
C36394,2892,26.5,10416105478,0.145719
C36397,2880,22.45,10152931499,0.12033
C36400,2356,31.5,3028187703,0.050357
C36401,2888,8.5,13399844083,0.060129
C36402,2801,17.4,6623029036,0.060837
C36404,1216,71.9,4791075403,0.181856
C36405,1101,36.4,6314360803,0.121338
C36407,1102,43.25,2445026500,0.055826
C36408,2201,74.3,550000000,0.021573
C36409,2609,65.6,1745702925,0.060456
C36450,INFO,1421.9,3550824659,0.993618
C36455,2382,89.8,2659032724,0.126056
C36475,TCOM,1259.85,113919385,0.028245
C36476,Z,212.45,829363056,0.034676
C36479,2308,294,2159078015,0.335105
C36480,1326,69.4,3421518842,0.125356
C36501,FALAB,1800,792319051,0.028387
C36502,BSAN,36.1,61853125526,0.044444
C36840,AKCNS,52.5,40203884,0.001767
C36841,ALARK,70,130043582,0.007619
C36844,FROTO,601.3,62883072,0.031647
C36846,SAHOL,39.14,1018161562,0.033353
C36850,TUPRS,76.75,879069554,0.056468
C36853,2886,32.8,11151855666,0.193102
C36854,2891,21.7,18132200299,0.207719
C36857,5347,95.7,901440247,0.045542
C36859,BBNI,9375,7459462583,0.075582
C36863,991,1.38,2834997578,0.008033
C36865,338,1.32,3495000000,0.009472
C36866,1055,5.81,1674205873,0.019972
C36867,1033,0.62,2819174495,0.003589
C36869,576,6.38,1433662096,0.01878
C36870,1138,7.72,1296000000,0.020543
C36871,CDB,4.4,3925110200,0.063277
C36872,670,3.18,1554950000,0.010153
C36873,1071,3.07,1614199584,0.010175
C36875,177,7.45,1222000000,0.018692
C36876,MAHB,6.85,1083156095,0.027184
C36877,1171,26.95,1900000000,0.105135
C36880,525,1.53,1431300000,0.004496
C36883,548,7.1,703995500,0.010263
C36885,358,13.6,1189349570,0.033211
C36888,347,2.36,1411540000,0.00684
C36890,323,1.66,836542042,0.002851
C36891,200725,3.54,692884127,0.005036
C36892,900936,1.889,407561214,0.012408
C36896,UNVR,4250,5722500000,0.026286
C36899,694,5.85,1787835476,0.021474
C36901,KCHOL,77.55,850616655,0.05521
C36919,REM,136.68,508022346,0.061343
C38719,VAPORES,81.69,17463806586,0.028395
C38720,CAP,6321.5,73713380,0.009275
C38734,900911,0.964,272176190,0.004229
C38735,900902,0.26,465850000,0.001952
C38738,900909,0.574,243100000,0.002249
C38740,900912,0.936,200557500,0.003026
C38741,900923,0.682,179718197,0.001975
C38742,900925,1.093,216235008,0.003809
C38743,900926,3.355,502673600,0.027181
C38744,900934,2.122,156000000,0.005335
C38746,200012,2.98,1109369060,0.006788
C38750,200625,3.47,1526954553,0.010879
C38814,SIEM,3359.85,89020112,0.058861
C38818,IH,326.75,827579024,0.053217
C38832,WPRO,366.65,1261986460,0.09106
C38915,ECILC,29.34,155828124,0.003827
C38918,KORDS,72.65,56201395,0.003417
C38919,BRISA,44.5,38871890,0.001448
C38920,AKSA,74.3,113960000,0.007087
C38923,CIMSA,93.2,49292313,0.003845
C38926,SARKY,30.9,260119999,0.006727
C38929,AYGAZ,66.95,51345459,0.002877
C38933,THYAO,127.4,552000000,0.058859
C38934,1504,43.05,1930263946,0.043869
C38936,2603,163.5,1005261000,0.086768
C38938,2610,19.35,2856430286,0.029179
C38939,2204,64.4,257101287,0.008741
C38943,1605,49.55,3426856179,0.089641
C38946,1434,28.15,1019390572,0.015149
C38955,1802,20.25,1615718580,0.017273
C39050,BBAS3,39.02,856019820,0.106429
C39051,BBDC3,11.65,1508884381,0.05601
C39055,EMBR3,19.65,734631608,0.045996
C39060,PETR3,27.08,3701760471,0.319407
C39087,EYDAP,6.75,41180355,0.004894
C39186,AMXB,19.21,28186544453,0.478424
C39208,CLS,260.08,243760785,0.056008
C39211,NPN,3251.32,192139635,0.551893
C39214,HCLT,1091.85,1085065178,0.233153
C39217,CIPLA,893.35,511113507,0.089859
C39220,HPCL,227.9,607011711,0.027225
C39222,BPCL,332,998246313,0.065222
C39223,DRRD,4699.4,120772655,0.111695
C39224,GLXO,1300.05,42351510,0.010836
C39225,DABUR,525.9,576700303,0.059686
C39230,TU,13.2,2743735211,0.017233
C39232,857,4.79,20807735180,0.204642
C39233,386,4.72,24780936600,0.240156
C39289,165,5.56,835211740,0.009535
C39290,2238,4.91,3098620305,0.031238
C39346,QUINENC,3100,265359803,0.016373
C41234,CPLE3,6.33,319811046,0.00645
C41256,EGIE3,40.15,174753244,0.022356
C41260,TIMS3,12.94,808671349,0.033342
C41375,USIM3,7.49,169639994,0.004049
C43417,BCI,23608,53675648,0.025222
C43424,CHILE,77.62,43638346470,0.067419
C43469,COLBUN,102.93,7234154071,0.014821
C52235,LAMDA,5.6,68660614,0.006769
C52271,GEKTERNA,11.06,51737818,0.010074
C52404,OTOEL,12.2,19225022,0.004129
C52482,995,7.54,493010000,0.007632
C52489,136,2,4170771730,0.017127
C52520,914,26.3,1183025880,0.063883
C52524,175,9.75,5399232116,0.108086
C52551,754,7.23,801214422,0.011894
C52578,1044,36.85,692275430,0.052378
C52639,1093,7.71,8353337345,0.132235
C52643,1109,35.9,2752542677,0.202891
C52750,966,8.31,1450545882,0.024749
C52769,1072,11.7,340000000,0.008168
C52776,1385,29.95,284052200,0.017467
C52793,1177,4.15,9723609646,0.082853
C52836,696,15.32,932562000,0.029334
C52838,268,13.44,2563828088,0.070749
C52862,639,2.46,1789051352,0.009036
C52878,123,11.98,1244605027,0.030614
C52896,152,6.76,1384896695,0.019222
C52905,1060,0.51,13262325915,0.013887
C52911,384,10.6,2917362138,0.063494
C52938,148,23.3,727367379,0.034797
C52967,1193,26.75,890644634,0.048917
C52992,257,3.29,3602941010,0.024338
C53059,241,5.81,4730507685,0.056431
C53109,322,13.08,1866951764,0.050139
C53112,168,84.95,609825342,0.106366
C53128,371,1.93,4007755989,0.015882
C53134,570,4.2,2440456946,0.021045
C53243,BRGR,597.2,242947928,0.028553
C53246,3M,23328.25,2816268,0.012929
C53247,BHFC,762.4,251752939,0.037773
C53257,APNT,2809.85,450856668,0.249312
C53259,BOB,166.9,1034272436,0.033971
C53260,BOI,76.75,761492214,0.011502
C53268,GRASIM,1669.05,383219806,0.125875
C53272,CGPOWER,290.7,698990971,0.039989
C53284,ICICIBC,875,1563846483,0.269292
C53302,LICHF,336.7,301219705,0.019959
C53338,TATACONS,730.5,604068962,0.086842
C53339,SAIL,82.1,1445810739,0.02336
C53343,BJHI,5934.5,26710442,0.031195
C53344,TPWR,195.25,1654213007,0.063563
C53345,ABB,3397.1,52977094,0.035417
C53348,BATA,1402.75,60461870,0.016691
C53349,BRIT,4299.8,118916784,0.100627
C53364,GAIL,105.45,2634936112,0.054681
C53366,MAXF,634.05,241831399,0.030176
C53367,PIEL,699.2,126303751,0.01738
C53376,VOLT,830.7,229275333,0.037482
C53381,VEDL,273.2,1225403181,0.065884
C53383,SI,2614.2,63894125,0.032872
C53387,AXSB,851.95,2272390647,0.380994
C53389,TTAN,2548.45,416139211,0.208707
C53395,BHE,98.75,3269546067,0.06354
C53396,HZ,311.3,232198919,0.014225
C53419,AL,136.45,1432173504,0.038458
C53433,PIDI,2332.05,152024521,0.069771
C53439,EXID,181.05,459023681,0.016355
C53450,MPHL,1794.1,81219179,0.028677
C53464,GUJGA,466.35,200976325,0.018445
C53473,ARBP,535.1,265078627,0.027915
C53477,BAF,5932.2,235800368,0.275284
C53494,LIIL,4147.9,21321056,0.017404
C53506,TELX,6068.15,34281835,0.040939
C53511,ZYDUSLIFE,494.15,253549180,0.024657
C53526,GNP,482.1,150715230,0.014299
C53530,IOCL,77.7,4098629988,0.062673
C53534,TRENT,1367.25,181298605,0.048782
C53543,APHS,4201.95,99162248,0.082001
C53557,KNPL,391.9,134770262,0.010394
C53558,WHIRL,1328.65,30449239,0.007962
C53563,KKC,1578.05,135075919,0.041949
C53575,PATANJAL,966.2,69410660,0.013198
C53590,HMCL,2426.45,130619990,0.062374
C53592,SCHFL,3039.45,40420870,0.024178
C53594,ADE,1754.05,272688627,0.094131
C53600,BYRCS,4079.6,12838782,0.010308
C57891,QLG,5.74,1075189663,0.022612
C57922,DLG,2.37,4083925176,0.035462
C58125,FNH,25.44,158652591,0.014788
C58133,ABMB,3.38,1098226346,0.0136
C58206,PETD,21.8,261095900,0.020854
C58211,PMAH,4.95,3514299786,0.063736
C58403,KOFUBL,149.03,525208065,0.069159
C58455,PINFRA*,187.16,218571026,0.036145
C58468,GFNORTEO,149.61,2883456594,0.381169
C58472,ORBIA*,38.43,969825000,0.032931
C59673,BRPT,775,25071552455,0.021
C59688,AALI,8225,390711732,0.003473
C59753,UNTR,29800,1483013463,0.047764
C59757,BBCA,8750,55361110209,0.523545
C59762,BDMN,2920,734027422,0.002317
C59789,CPIN,4420,7292190600,0.034835
C59834,INCO,6400,2001178618,0.013842
C59883,GDSP,423.95,84820010,0.007077
C59888,LPC,664.1,239912457,0.031355
C59931,KMB,1757.1,99485490,0.034402
C60051,HWA,36427.25,2210381,0.015846
C61029,AGI,12.2,3641475912,0.013159
C61030,SCC,29.3,1171069225,0.010163
C61042,GLO,1836,31458969,0.017108
C61055,JFC,223,415983029,0.027476
C61065,LTG,10,2775686250,0.008221
C62594,BH,230,566817226,0.062032
C62603,BDMS,30,8899521061,0.127038
C62606,BJC,37.5,1017579582,0.018157
C62619,CPN,69.5,2771927000,0.091667
C62751,MINT,30.75,3719283158,0.054419
C62808,BTS,7.4,8427270787,0.029673
C62901,BRSAN,95.1,37592734,0.002992
C62908,ASELS,52.15,588240000,0.025675
C62933,ECZYT,144.8,19971000,0.00242
C62934,EGEEN,4470,1145970,0.004287
C62948,GUBRF,215.5,80327000,0.014488
C62954,HEKTS,26.32,1168579186,0.025742
C62966,KONYA,2679.9,877219,0.001968
C62972,KERVT,10.36,234324254,0.002032
C62977,OYAKC,33.5,306347412,0.008589
C62990,OTKAR,980,7440000,0.006102
C63002,PETKM,14.17,1241856000,0.014728
C63015,TSKB,4.09,1165360000,0.003989
C63019,TUKAS,15.46,168228230,0.002177
C63041,SASA,104.2,338115513,0.029487
C63057,BRYAT,799,4752060,0.003178
C63058,ULKER,31.08,151677000,0.003946
C63066,ASUZU,150.2,15246000,0.001917
C63095,AGHOL,94.15,125944850,0.009924
C63105,2345,309,531420449,0.086689
C63106,2353,28.35,2840904553,0.042518
C63119,2379,379,475322022,0.095103
C63147,2834,13.4,5301203662,0.037501
C63157,1722,56.2,736960000,0.021865
C63183,2377,144,684333521,0.052023
C63202,2385,95.7,603687127,0.030499
C63247,2105,36.8,1832372203,0.035598
C63280,2395,353,412789211,0.076925
C63311,2408,68.6,817750599,0.029615
C63312,2412,121,3801148807,0.242809
C63313,2409,18.5,7036478088,0.068721
C63322,1717,31.85,952274163,0.016012
C63331,2845,11.2,2236969636,0.013226
C63337,9910,189.5,440840550,0.044102
C63345,1476,481,198597890,0.05043
C63357,9921,173.5,309244684,0.028325
C63367,2207,637,318806999,0.107209
C63405,2301,73.2,2125418884,0.082134
C63441,9904,31.05,2652108492,0.043473
C63445,2912,269.5,560980169,0.079813
C63451,9945,35.65,2350277999,0.044233
C63464,2354,55.5,1102874104,0.032314
C63484,2347,60.7,1353538965,0.043374
C63514,9917,104,280825071,0.015418
C63535,2606,57.6,422443350,0.012846
C63547,2615,69.4,920303739,0.033718
C63555,2327,516,390348410,0.106333
C63581,2492,94.7,485804299,0.024287
C63620,3037,144.5,1257511908,0.095928
C63655,6005,12.05,1997452540,0.012707
C63686,2618,26.5,2539457348,0.035526
C63689,2474,185,684245111,0.066826
C63774,3045,101.5,1724424465,0.092401
C63823,5483,154.5,532004942,0.043392
C63843,3034,439,572000781,0.132564
C71237,200488,2.27,706385266,0.003292
C71247,900948,1.45,1024800000,0.02395
C71254,200869,12.01,208802880,0.005149
C71255,900947,0.252,1029622239,0.004182
C71261,900905,3.495,206008134,0.011604
C71268,200596,139.88,120000000,0.034464
C71270,200581,14.8,144799200,0.0044
C71285,200028,18.17,54884475,0.002048
C72280,GAM,4.07,2323172726,0.034643
C72400,MTM,18.19,1250754464,0.020099
C72443,EXX,190.02,240921042,0.040444
C72455,PTT,31.25,14281498125,0.212358
C72459,GGBR4,23.94,1080372576,0.082411
C72468,NUHCM,135.7,59989003,0.006813
C72476,PPC,8.15,209332226,0.030036
C72485,OMU,11.89,4496066990,0.047227
C72546,SNT,289.55,40802574,0.010437
C72590,NTC,15.04,1438226555,0.01911
C72723,DSY,144.97,524935635,0.06723
C72735,RDF,3.83,6595759150,0.022317
C72736,APN,186.76,370317764,0.061099
C72753,MRP,146.32,256353655,0.033138
C72767,WHL,65.25,920288510,0.05305
C72791,NPH,151.36,369656179,0.04943
C72792,TFG,93.6,320765453,0.026524
C72859,2600,3.98,3943965968,0.032229
C72860,874,24.6,219900000,0.011107
C72865,2454,749,1486937842,0.587949
C72866,2881,56.9,7368902298,0.22135
C72870,MOH,24.34,54735341,0.023455
C72954,GRT,13.43,3391548378,0.040239
C72958,CPI,1754.77,84822546,0.131495
C73065,2887,16.65,11359873863,0.099851
C73139,ENKAI,30.3,1794805500,0.045516
C73147,OPAP,15.2,185173093,0.049554
C73416,BELA,19.3,109718590,0.037281
C74851,SCMA,178,17987864745,0.003461
C75348,TOPG,1.07,5204398374,0.020403
C75390,MISC,7.16,1726355408,0.045288
C75457,BLOOM,9.32,3388671267,0.009354
C75617,2451,73.5,279748212,0.010855
C75655,4904,75.7,1596665397,0.063808
C75660,2885,22.4,11970192728,0.141551
C75731,3008,2135,102442868,0.115464
C75734,2498,64.1,723255773,0.024475
C75753,2884,25,14111051443,0.186236
C75757,HMPRO,14.4,5615561557,0.038477
C75795,KRDMA,16.5,240303646,0.003319
C75989,TCELL,33.9,1184105335,0.033596
C76008,KRDMD,18.3,780226002,0.01195
C76016,ISGYO,9.14,427219000,0.003268
C76017,KARSN,8.68,311151600,0.00226
C76025,ZOREN,4.44,506518003,0.001882
C76261,BRFS3,6.14,800396040,0.015659
C76266,ALPA4,7.5,229945563,0.005495
C76274,ITUB3,20.75,450299378,0.029772
C76275,SUZB3,40.36,703693610,0.090495
C76343,BRKM5,19.53,188861367,0.011753
C76395,TRPL4,22.09,187774012,0.013217
C76410,UGPA3,14.43,828768569,0.038105
C76420,BRAP4,26.07,250856412,0.020838
C76421,BRAP3,23.73,30390744,0.002298
C76424,GOAU4,11.28,666527888,0.023956
C76494,UNIP6,69.45,47984500,0.010618
C76503,WEGE3,38.61,1482743059,0.182412
C76525,PFBCOLO,29810,448588645,0.047168
C76545,LIVEPOLC,109.82,197446100,0.019159
C76554,ASURB,554.21,199612332,0.097747
C76560,GFINBURO,38.76,1992764194,0.068247
C76562,ELEKTRA*,1081.34,60209813,0.057527
C77253,OFSS,3254.55,22885942,0.014658
C77254,CBK,284.55,362826050,0.020318
C77255,1211,227.4,966172358,0.451106
C77256,RATCH,38.25,1163624992,0.021178
C77257,2890,16.6,11284401123,0.09889
C77387,2688,102.2,759912910,0.159459
C77401,PTBA,4030,4029926606,0.017553
C77464,BDO,124.2,2352604868,0.086545
C77489,ACEN,6.24,7928569834,0.014654
C77781,KTC,55.25,1303347872,0.034264
C78163,598,2.42,1936443301,0.009622
C78429,ARTO,536.85,198567455,0.020979
C78579,BIL,1969.75,80621170,0.031252
C78608,BHARTI,765.95,2312332168,0.348556
C78663,CIFC,841.4,401527290,0.066487
C78685,CRIN,923.05,108880817,0.019779
C78712,DN,1807.3,74073073,0.026346
C78753,EIM,2961.7,138858063,0.080934
C78846,GCPL,967.65,364503529,0.069413
C78922,TTLS,64.15,501211784,0.006328
C79016,JSTL,682.7,1000972790,0.134485
C79158,MRPL,54.25,200146780,0.002137
C79251,NMDC,111,1148767445,0.025094
C79418,PNB,47.2,1117723185,0.010382
C79428,RJEX,626.95,135715985,0.016745
C79457,RLXF,832.85,72248781,0.011842
C79538,UPLL,726.15,526926564,0.0753
C79588,SHTF,1303.85,247856722,0.063599
C79793,TVSL,1098.7,236196738,0.051071
C79808,UNBK,67.05,1128066951,0.014885
C79813,UBBL,1407.05,68846661,0.019064
C79973,AC*,164.83,441070789,0.064237
C79974,CCRO3,12.83,1115695556,0.04561
C79976,GCC*,139.02,163090612,0.020033
C79979,DIVI,2921.45,127429220,0.073264
C79988,2883,8.08,1811124000,0.030046
C79994,604,1.41,2335155862,0.00676
C82071,JSP,544.3,389644922,0.041738
C83040,CCRI,570.65,274558912,0.030834
C83043,FB,127.05,1556233078,0.038911
C83046,HAVL,1194.55,240296387,0.05649
C83048,IPCA,830.4,136544018,0.022314
C83056,MRCO,479.3,518128888,0.048873
C83058,UNSP,756.45,288258410,0.042912
C83060,MOTHERSO,67.9,2157712563,0.028833
C83061,BOS,18795,8688416,0.032137
C83062,MRF,84005.55,2702517,0.044678
C83078,SRCM,26164.7,13510951,0.06957
C83081,SUNP,1012.1,1087154412,0.216539
C83085,TRP,1574.75,97316000,0.030159
C83679,6239,91.6,686192642,0.033182
C83814,KOZAA,40.86,185308200,0.006337
C84076,1083,3.37,1203765161,0.008329
C84179,PBK,3.99,14185873590,0.20738
C84257,EGCO,155.5,266654523,0.01973
C84433,MSIL,8516.65,132291620,0.221729
C84441,BMRI,5175,44269080468,0.247601
C84672,3231,40.6,2855348391,0.0612
C84968,2314,3.24,1417701581,0.009431
C85005,CPALL,61,5946788548,0.172606
C85061,2328,7.98,6728436504,0.110243
C85066,2357,4.12,2398111326,0.020286
C85096,PTTGC,44.75,2028982103,0.043203
C85114,BBRI,4840,70112198842,0.366759
C85121,836,16.24,1879921414,0.062684
C85258,2628,12.92,7441175000,0.197396
C85263,2333,8.91,2511199000,0.04594
C85264,PGAS,1365,10431120977,0.015389
C85326,2899,13.52,5736940000,0.159254
C85334,IGL,462.45,350000400,0.031853
C85336,6505,86.8,1364117422,0.062508
C85519,1066,13.52,2315950374,0.064289
C85554,OGDC,84.69,644279074,0.003094
C85593,AOT,72,4285710000,0.146825
C85598,2338,12.46,1943040000,0.049709
C85676,PLNG,235.8,750000088,0.034804
C85697,8069,172,889515678,0.080769
C85740,BIOS,215.8,454157588,0.019288
C85800,ITAUCORP,1.922,3.2413E+11,0.0124
C85901,CENCOSUD,1544,1322054214,0.040629
C86890,NTCO3,11.2,962494468,0.034348
C87646,RADL3,25,1069323569,0.08518
C87693,LREN3,15.71,962596968,0.048185
C87843,ISA,16270,440480920,0.025279
C88035,2319,33.25,3078107231,0.21014
C88055,2866,1.01,3657987600,0.007586
C88148,700,385.4,5997912769,4.746192
C88152,2318,51,6255870148,0.655075
C88174,DOAS,125.6,54822343,0.005763
C88235,2331,58.55,2269706208,0.272854
C88531,TCS,3220.7,1020451254,0.646791
C88558,UTCEM,7701.85,114405380,0.173406
C88641,COFORGE,4000.1,41789721,0.032897
C88767,BPCC,769,388670214,0.015699
C88768,BURG,225,887723418,0.010491
C88776,GBK,296,1764454556,0.027433
C88800,KFH,739,9046547303,0.35115
C88817,MABANEE,721,632031841,0.023935
C88818,ZAIN,542,1881405214,0.053561
C88819,NBK,975,7485868665,0.383365
C88830,AGLTY,578,1507413469,0.045764
C88846,EMAAR,5.66,6711567135,0.166711
C88847,ORDS,9.914,826425600,0.036278
C89024,CPFE3,33.04,187731649,0.019764
C89400,DMC,11.38,4077511037,0.013744
C89678,2380,3.01,4945592808,0.030565
C90251,TOP,52.5,1106690115,0.027646
C92768,5880,26.2,10086433522,0.13951
C97202,NTPC,175.2,4731127145,0.163125
C98400,DASA3,7.38,81745275,0.001922
C98401,PSSA3,23.39,183880572,0.013704
C98462,763,24.35,755502534,0.037772
C98486,753,7.35,1705105909,0.025732
C98512,TTRAK,556,13342250,0.006209
C98635,2227,195,23100000,0.002378
C98734,PPL,66.07,682477439,0.002557
C99221,SRF,2369.3,141319609,0.065894
C99881,ECOPETL,2540,4731867855,0.042394
total,,,,99.999997
